PatientID,UID,Malignant,Fold,Split
001,001_left,1,0,val
002,002_left,1,0,train
004,004_left,1,0,test
005,005_left,0,0,train
007,007_left,1,0,train
008,008_left,0,0,test
009,009_left,0,0,train
010,010_left,1,0,val
012,012_left,0,0,train
013,013_left,1,0,train
014,014_left,0,0,test
015,015_left,0,0,train
017,017_left,1,0,train
018,018_left,0,0,val
019,019_left,1,0,val
020,020_left,0,0,test
021,021_left,1,0,train
023,023_left,1,0,train
024,024_left,1,0,train
025,025_left,1,0,train
026,026_left,0,0,test
027,027_left,0,0,val
028,028_left,1,0,train
029,029_left,0,0,train
031,031_left,0,0,train
033,033_left,1,0,test
036,036_left,0,0,train
037,037_left,1,0,val
038,038_left,0,0,train
039,039_left,1,0,train
041,041_left,1,0,train
042,042_left,0,0,test
043,043_left,1,0,train
044,044_left,1,0,val
046,046_left,1,0,train
047,047_left,1,0,train
048,048_left,1,0,test
049,049_left,0,0,train
050,050_left,1,0,train
051,051_left,0,0,val
052,052_left,1,0,train
053,053_left,1,0,train
056,056_left,1,0,test
057,057_left,0,0,train
058,058_left,1,0,train
059,059_left,1,0,val
061,061_left,1,0,train
063,063_left,0,0,test
064,064_left,1,0,train
065,065_left,1,0,train
066,066_left,1,0,train
067,067_left,1,0,val
071,071_left,0,0,test
073,073_left,1,0,train
075,075_left,1,0,train
076,076_left,0,0,train
079,079_left,0,0,train
080,080_left,0,0,val
081,081_left,0,0,test
082,082_left,0,0,train
083,083_left,1,0,train
084,084_left,0,0,train
085,085_left,0,0,train
086,086_left,0,0,val
087,087_left,1,0,test
088,088_left,1,0,train
089,089_left,0,0,train
090,090_left,0,0,train
093,093_left,1,0,test
094,094_left,0,0,train
095,095_left,1,0,train
097,097_left,0,0,train
098,098_left,1,0,val
100,100_left,1,0,test
102,102_left,0,0,train
103,103_left,0,0,train
104,104_left,0,0,train
106,106_left,0,0,val
108,108_left,0,0,test
109,109_left,1,0,train
110,110_left,0,0,train
111,111_left,1,0,train
114,114_left,0,0,train
116,116_left,0,0,test
117,117_left,1,0,val
118,118_left,0,0,train
120,120_left,0,0,train
122,122_left,1,0,train
124,124_left,1,0,test
125,125_left,1,0,train
126,126_left,1,0,val
128,128_left,0,0,train
130,130_left,1,0,train
131,131_left,1,0,test
132,132_left,1,0,train
137,137_left,1,0,train
138,138_left,0,0,val
139,139_left,0,0,train
141,141_left,1,0,test
142,142_left,1,0,train
143,143_left,0,0,train
144,144_left,0,0,train
145,145_left,0,0,val
151,151_left,1,0,test
153,153_left,0,0,train
154,154_left,0,0,train
155,155_left,0,0,train
156,156_left,0,0,train
157,157_left,0,0,test
158,158_left,1,0,train
159,159_left,0,0,val
161,161_left,0,0,train
162,162_left,0,0,train
164,164_left,1,0,test
167,167_left,0,0,train
168,168_left,1,0,train
169,169_left,1,0,val
172,172_left,1,0,train
173,173_left,0,0,test
177,177_left,1,0,train
178,178_left,0,0,train
179,179_left,0,0,train
180,180_left,0,0,val
181,181_left,1,0,test
182,182_left,1,0,train
183,183_left,1,0,train
185,185_left,1,0,train
187,187_left,0,0,train
188,188_left,0,0,test
189,189_left,0,0,train
191,191_left,1,0,val
192,192_left,0,0,train
193,193_left,0,0,train
194,194_left,0,0,train
195,195_left,1,0,test
196,196_left,0,0,val
197,197_left,1,0,train
198,198_left,1,0,train
199,199_left,0,0,train
200,200_left,0,0,test
201,201_left,0,0,train
202,202_left,1,0,val
203,203_left,1,0,train
204,204_left,0,0,train
205,205_left,0,0,train
206,206_left,1,0,test
207,207_left,0,0,train
208,208_left,0,0,val
209,209_left,0,0,train
210,210_left,1,0,train
212,212_left,0,0,test
213,213_left,1,0,train
215,215_left,1,0,train
220,220_left,1,0,val
221,221_left,0,0,train
222,222_left,1,0,test
223,223_left,1,0,train
225,225_left,0,0,train
226,226_left,1,0,train
227,227_left,1,0,train
230,230_left,0,0,test
231,231_left,1,0,val
233,233_left,0,0,train
234,234_left,0,0,train
237,237_left,1,0,test
238,238_left,0,0,train
239,239_left,0,0,test
240,240_left,0,0,train
243,243_left,1,0,val
245,245_left,0,0,train
246,246_left,0,0,train
247,247_left,1,0,test
248,248_left,0,0,train
250,250_left,0,0,train
251,251_left,1,0,val
252,252_left,1,0,train
253,253_left,0,0,test
255,255_left,0,0,train
256,256_left,1,0,train
257,257_left,1,0,train
258,258_left,1,0,val
259,259_left,0,0,test
260,260_left,0,0,train
262,262_left,1,0,train
263,263_left,0,0,train
264,264_left,0,0,train
267,267_left,1,0,test
268,268_left,0,0,val
270,270_left,1,0,train
272,272_left,1,0,train
273,273_left,1,0,train
274,274_left,0,0,train
275,275_left,0,0,val
276,276_left,1,0,test
277,277_left,1,0,train
278,278_left,0,0,train
279,279_left,1,0,train
282,282_left,0,0,train
283,283_left,1,0,test
284,284_left,1,0,val
285,285_left,1,0,train
286,286_left,1,0,train
287,287_left,1,0,train
288,288_left,0,0,test
289,289_left,0,0,train
290,290_left,1,0,val
293,293_left,1,0,train
295,295_left,0,0,train
297,297_left,1,0,test
298,298_left,1,0,train
299,299_left,0,0,train
300,300_left,1,0,train
302,302_left,0,0,val
305,305_left,1,0,test
307,307_left,1,0,train
308,308_left,1,0,train
309,309_left,0,0,val
311,311_left,1,0,train
312,312_left,0,0,test
313,313_left,1,0,train
314,314_left,1,0,val
315,315_left,1,0,train
316,316_left,1,0,train
317,317_left,1,0,test
318,318_left,0,0,train
322,322_left,1,0,train
323,323_left,0,0,val
324,324_left,0,0,train
326,326_left,0,0,test
327,327_left,0,0,train
328,328_left,1,0,train
329,329_left,1,0,train
330,330_left,1,0,val
331,331_left,1,0,train
332,332_left,0,0,test
334,334_left,1,0,train
337,337_left,1,0,train
339,339_left,0,0,train
340,340_left,1,0,val
341,341_left,0,0,test
342,342_left,0,0,train
344,344_left,0,0,train
346,346_left,0,0,train
347,347_left,0,0,train
348,348_left,1,0,test
349,349_left,1,0,train
350,350_left,1,0,val
351,351_left,0,0,train
352,352_left,0,0,train
353,353_left,1,0,test
354,354_left,1,0,train
355,355_left,1,0,train
356,356_left,1,0,train
359,359_left,0,0,train
362,362_left,1,0,test
363,363_left,1,0,test
364,364_left,1,0,val
366,366_left,1,0,train
367,367_left,1,0,train
368,368_left,1,0,train
370,370_left,1,0,test
371,371_left,0,0,train
372,372_left,1,0,val
374,374_left,1,0,train
375,375_left,1,0,train
377,377_left,1,0,test
379,379_left,1,0,train
380,380_left,1,0,train
382,382_left,0,0,val
383,383_left,0,0,train
385,385_left,1,0,test
386,386_left,1,0,train
387,387_left,0,0,train
388,388_left,1,0,train
389,389_left,1,0,val
391,391_left,0,0,test
392,392_left,0,0,train
393,393_left,1,0,train
395,395_left,0,0,train
397,397_left,1,0,train
398,398_left,0,0,test
401,401_left,1,0,val
403,403_left,1,0,train
404,404_left,0,0,train
405,405_left,1,0,train
406,406_left,0,0,test
407,407_left,1,0,train
410,410_left,1,0,val
411,411_left,0,0,train
412,412_left,0,0,train
413,413_left,1,0,test
414,414_left,0,0,train
415,415_left,0,0,train
416,416_left,0,0,val
417,417_left,1,0,train
418,418_left,1,0,train
420,420_left,0,0,train
421,421_left,0,0,test
422,422_left,1,0,train
426,426_left,0,0,val
427,427_left,1,0,train
428,428_left,1,0,train
429,429_left,0,0,train
430,430_left,0,0,test
431,431_left,1,0,train
432,432_left,0,0,train
433,433_left,1,0,val
434,434_left,1,0,train
436,436_left,1,0,test
437,437_left,0,0,train
438,438_left,0,0,train
439,439_left,1,0,train
443,443_left,1,0,val
444,444_left,0,0,train
445,445_left,0,0,test
446,446_left,0,0,train
447,447_left,0,0,train
449,449_left,1,0,train
450,450_left,1,0,val
451,451_left,1,0,test
453,453_left,0,0,train
454,454_left,0,0,train
455,455_left,1,0,test
456,456_left,0,0,train
457,457_left,1,0,train
458,458_left,1,0,test
459,459_left,0,0,val
462,462_left,0,0,train
463,463_left,0,0,train
465,465_left,1,0,train
466,466_left,0,0,test
468,468_left,0,0,train
470,470_left,0,0,val
472,472_left,1,0,train
474,474_left,0,0,train
476,476_left,1,0,train
477,477_left,0,0,test
478,478_left,1,0,train
479,479_left,1,0,val
480,480_left,1,0,train
481,481_left,1,0,train
482,482_left,0,0,test
483,483_left,0,0,train
484,484_left,0,0,train
486,486_left,0,0,val
489,489_left,1,0,train
490,490_left,1,0,test
491,491_left,0,0,train
492,492_left,0,0,train
493,493_left,0,0,train
494,494_left,0,0,val
495,495_left,1,0,test
496,496_left,1,0,train
497,497_left,0,0,train
498,498_left,0,0,val
500,500_left,0,0,train
501,501_left,0,0,test
502,502_left,0,0,train
503,503_left,1,0,val
505,505_left,1,0,train
507,507_left,1,0,train
508,508_left,0,0,test
509,509_left,0,0,train
510,510_left,0,0,train
511,511_left,0,0,val
512,512_left,0,0,train
513,513_left,1,0,test
514,514_left,0,0,train
515,515_left,0,0,train
516,516_left,0,0,train
521,521_left,1,0,val
522,522_left,1,0,test
523,523_left,1,0,train
524,524_left,0,0,train
525,525_left,1,0,train
526,526_left,1,0,train
527,527_left,0,0,test
528,528_left,1,0,train
531,531_left,1,0,val
533,533_left,1,0,train
534,534_left,1,0,train
535,535_left,1,0,test
536,536_left,0,0,train
537,537_left,1,0,train
538,538_left,0,0,val
539,539_left,0,0,train
540,540_left,1,0,test
541,541_left,1,0,train
543,543_left,0,0,train
546,546_left,0,0,train
548,548_left,1,0,val
549,549_left,1,0,test
550,550_left,0,0,train
551,551_left,1,0,train
552,552_left,1,0,train
553,553_left,0,0,train
554,554_left,1,0,test
555,555_left,0,0,val
557,557_left,1,0,train
558,558_left,1,0,train
559,559_left,0,0,train
561,561_left,1,0,test
562,562_left,1,0,train
563,563_left,0,0,train
564,564_left,1,0,train
565,565_left,0,0,val
566,566_left,0,0,test
567,567_left,0,0,train
568,568_left,1,0,train
569,569_left,1,0,val
571,571_left,1,0,train
572,572_left,0,0,test
573,573_left,0,0,train
574,574_left,1,0,train
575,575_left,0,0,train
576,576_left,0,0,val
577,577_left,1,0,train
579,579_left,1,0,test
580,580_left,0,0,train
581,581_left,1,0,train
582,582_left,1,0,train
583,583_left,0,0,train
586,586_left,0,0,test
587,587_left,0,0,val
588,588_left,1,0,train
589,589_left,1,0,train
590,590_left,1,0,train
591,591_left,0,0,test
595,595_left,1,0,train
596,596_left,1,0,train
598,598_left,1,0,train
601,601_left,1,0,train
602,602_left,0,0,test
603,603_left,1,0,val
604,604_left,1,0,train
605,605_left,0,0,train
606,606_left,1,0,train
607,607_left,0,0,test
608,608_left,1,0,train
610,610_left,1,0,val
611,611_left,1,0,train
612,612_left,1,0,train
613,613_left,1,0,test
614,614_left,1,0,val
615,615_left,1,0,train
617,617_left,1,0,train
618,618_left,0,0,train
619,619_left,0,0,test
620,620_left,0,0,train
621,621_left,0,0,val
622,622_left,1,0,train
624,624_left,0,0,train
626,626_left,1,0,test
627,627_left,0,0,train
628,628_left,0,0,train
629,629_left,0,0,val
630,630_left,0,0,train
631,631_left,1,0,test
632,632_left,1,0,train
633,633_left,0,0,train
634,634_left,1,0,train
637,637_left,0,0,val
638,638_left,0,0,test
639,639_left,1,0,train
641,641_left,0,0,train
642,642_left,0,0,train
644,644_left,0,0,train
645,645_left,0,0,test
647,647_left,0,0,train
654,654_left,1,0,train
655,655_left,0,0,val
656,656_left,1,0,train
657,657_left,1,0,test
658,658_left,0,0,train
659,659_left,0,0,val
660,660_left,0,0,train
662,662_left,0,0,train
663,663_left,1,0,test
664,664_left,1,0,train
665,665_left,1,0,train
667,667_left,0,0,val
668,668_left,0,0,train
669,669_left,1,0,test
671,671_left,1,0,train
676,676_left,1,0,train
677,677_left,1,0,train
679,679_left,1,0,val
680,680_left,1,0,test
681,681_left,0,0,train
683,683_left,1,0,train
684,684_left,0,0,train
685,685_left,0,0,train
686,686_left,0,0,test
687,687_left,1,0,train
688,688_left,1,0,train
690,690_left,0,0,val
693,693_left,0,0,train
694,694_left,0,0,test
695,695_left,1,0,train
696,696_left,1,0,train
697,697_left,0,0,val
698,698_left,0,0,train
700,700_left,1,0,test
701,701_left,0,0,train
702,702_left,0,0,train
703,703_left,1,0,train
704,704_left,0,0,val
707,707_left,0,0,test
708,708_left,0,0,train
709,709_left,0,0,train
711,711_left,0,0,train
712,712_left,1,0,train
713,713_left,1,0,test
714,714_left,1,0,val
715,715_left,0,0,train
716,716_left,0,0,train
717,717_left,0,0,train
718,718_left,1,0,test
719,719_left,0,0,train
722,722_left,0,0,val
724,724_left,1,0,train
725,725_left,1,0,train
728,728_left,0,0,train
729,729_left,1,0,test
730,730_left,1,0,train
731,731_left,1,0,train
733,733_left,0,0,train
734,734_left,1,0,val
735,735_left,0,0,test
737,737_left,0,0,train
738,738_left,1,0,train
741,741_left,1,0,val
745,745_left,1,0,train
747,747_left,1,0,test
750,750_left,0,0,val
751,751_left,0,0,train
753,753_left,1,0,train
754,754_left,0,0,train
755,755_left,0,0,test
757,757_left,0,0,val
759,759_left,1,0,train
760,760_left,1,0,train
761,761_left,0,0,train
764,764_left,0,0,test
765,765_left,1,0,train
766,766_left,0,0,val
768,768_left,0,0,train
769,769_left,1,0,train
770,770_left,1,0,test
771,771_left,0,0,train
774,774_left,0,0,train
775,775_left,1,0,val
776,776_left,1,0,train
777,777_left,0,0,train
778,778_left,1,0,test
779,779_left,0,0,train
780,780_left,0,0,train
781,781_left,1,0,train
782,782_left,1,0,train
783,783_left,0,0,test
785,785_left,0,0,val
786,786_left,1,0,train
787,787_left,0,0,train
788,788_left,0,0,test
791,791_left,1,0,train
792,792_left,0,0,test
793,793_left,0,0,val
794,794_left,1,0,train
795,795_left,0,0,train
799,799_left,1,0,train
800,800_left,0,0,train
801,801_left,1,0,val
803,803_left,0,0,test
806,806_left,0,0,train
807,807_left,0,0,train
808,808_left,1,0,train
809,809_left,0,0,train
810,810_left,1,0,train
811,811_left,1,0,test
813,813_left,1,0,val
814,814_left,0,0,train
815,815_left,1,0,train
817,817_left,0,0,train
818,818_left,1,0,test
819,819_left,0,0,train
820,820_left,1,0,val
821,821_left,1,0,train
822,822_left,0,0,train
825,825_left,1,0,test
827,827_left,0,0,train
828,828_left,0,0,train
830,830_left,0,0,train
831,831_left,1,0,train
833,833_left,0,0,test
835,835_left,1,0,val
837,837_left,0,0,train
839,839_left,1,0,train
842,842_left,1,0,val
843,843_left,1,0,train
844,844_left,0,0,test
845,845_left,0,0,train
846,846_left,0,0,train
847,847_left,1,0,train
848,848_left,1,0,val
849,849_left,0,0,test
850,850_left,1,0,train
852,852_left,1,0,test
855,855_left,1,0,train
856,856_left,0,0,train
857,857_left,1,0,train
858,858_left,1,0,test
859,859_left,0,0,train
861,861_left,0,0,train
862,862_left,1,0,val
863,863_left,1,0,train
864,864_left,0,0,test
866,866_left,1,0,train
867,867_left,0,0,val
868,868_left,0,0,train
873,873_left,1,0,train
874,874_left,0,0,train
875,875_left,0,0,test
876,876_left,0,0,train
878,878_left,1,0,train
885,885_left,1,0,val
886,886_left,0,0,train
889,889_left,0,0,test
890,890_left,0,0,train
891,891_left,1,0,train
895,895_left,0,0,train
896,896_left,0,0,val
897,897_left,0,0,test
898,898_left,1,0,train
900,900_left,0,0,train
901,901_left,0,0,train
904,904_left,0,0,train
906,906_left,1,0,train
907,907_left,1,0,test
908,908_left,1,0,val
909,909_left,0,0,train
910,910_left,1,0,train
912,912_left,0,0,train
914,914_left,0,0,test
915,915_left,0,0,train
916,916_left,0,0,val
917,917_left,1,0,train
918,918_left,0,0,train
919,919_left,0,0,test
920,920_left,1,0,train
921,921_left,0,0,train
922,922_left,1,0,train
001,001_right,0,0,val
002,002_right,0,0,train
004,004_right,0,0,test
005,005_right,1,0,train
007,007_right,0,0,train
008,008_right,1,0,test
009,009_right,1,0,train
010,010_right,0,0,val
012,012_right,1,0,train
013,013_right,0,0,train
014,014_right,1,0,test
015,015_right,1,0,train
017,017_right,0,0,train
018,018_right,1,0,val
019,019_right,0,0,val
020,020_right,1,0,test
021,021_right,0,0,train
023,023_right,0,0,train
024,024_right,0,0,train
025,025_right,0,0,train
026,026_right,1,0,test
027,027_right,1,0,val
028,028_right,0,0,train
029,029_right,1,0,train
031,031_right,1,0,train
033,033_right,0,0,test
036,036_right,1,0,train
037,037_right,0,0,val
038,038_right,1,0,train
039,039_right,0,0,train
041,041_right,0,0,train
042,042_right,1,0,test
043,043_right,1,0,train
044,044_right,0,0,val
046,046_right,1,0,train
047,047_right,0,0,train
048,048_right,0,0,test
049,049_right,1,0,train
050,050_right,1,0,train
051,051_right,1,0,val
052,052_right,0,0,train
053,053_right,0,0,train
056,056_right,1,0,test
057,057_right,1,0,train
058,058_right,0,0,train
059,059_right,0,0,val
061,061_right,0,0,train
063,063_right,1,0,test
064,064_right,0,0,train
065,065_right,0,0,train
066,066_right,0,0,train
067,067_right,0,0,val
071,071_right,1,0,test
073,073_right,0,0,train
075,075_right,0,0,train
076,076_right,1,0,train
079,079_right,1,0,train
080,080_right,1,0,val
081,081_right,1,0,test
082,082_right,1,0,train
083,083_right,0,0,train
084,084_right,1,0,train
085,085_right,1,0,train
086,086_right,1,0,val
087,087_right,0,0,test
088,088_right,0,0,train
089,089_right,1,0,train
090,090_right,1,0,train
093,093_right,0,0,test
094,094_right,1,0,train
095,095_right,0,0,train
097,097_right,1,0,train
098,098_right,0,0,val
100,100_right,0,0,test
102,102_right,1,0,train
103,103_right,1,0,train
104,104_right,1,0,train
106,106_right,1,0,val
108,108_right,1,0,test
109,109_right,0,0,train
110,110_right,1,0,train
111,111_right,0,0,train
114,114_right,1,0,train
116,116_right,1,0,test
117,117_right,0,0,val
118,118_right,1,0,train
120,120_right,1,0,train
122,122_right,0,0,train
124,124_right,0,0,test
125,125_right,0,0,train
126,126_right,0,0,val
128,128_right,1,0,train
130,130_right,0,0,train
131,131_right,0,0,test
132,132_right,0,0,train
137,137_right,0,0,train
138,138_right,1,0,val
139,139_right,1,0,train
141,141_right,1,0,test
142,142_right,0,0,train
143,143_right,1,0,train
144,144_right,1,0,train
145,145_right,1,0,val
151,151_right,0,0,test
153,153_right,1,0,train
154,154_right,1,0,train
155,155_right,1,0,train
156,156_right,1,0,train
157,157_right,1,0,test
158,158_right,0,0,train
159,159_right,1,0,val
161,161_right,1,0,train
162,162_right,1,0,train
164,164_right,0,0,test
167,167_right,1,0,train
168,168_right,0,0,train
169,169_right,0,0,val
172,172_right,0,0,train
173,173_right,1,0,test
177,177_right,0,0,train
178,178_right,1,0,train
179,179_right,1,0,train
180,180_right,1,0,val
181,181_right,0,0,test
182,182_right,0,0,train
183,183_right,0,0,train
185,185_right,0,0,train
187,187_right,1,0,train
188,188_right,1,0,test
189,189_right,1,0,train
191,191_right,0,0,val
192,192_right,1,0,train
193,193_right,1,0,train
194,194_right,1,0,train
195,195_right,0,0,test
196,196_right,1,0,val
197,197_right,0,0,train
198,198_right,0,0,train
199,199_right,1,0,train
200,200_right,1,0,test
201,201_right,1,0,train
202,202_right,0,0,val
203,203_right,0,0,train
204,204_right,1,0,train
205,205_right,1,0,train
206,206_right,0,0,test
207,207_right,1,0,train
208,208_right,1,0,val
209,209_right,1,0,train
210,210_right,0,0,train
212,212_right,1,0,test
213,213_right,0,0,train
215,215_right,0,0,train
220,220_right,0,0,val
221,221_right,1,0,train
222,222_right,0,0,test
223,223_right,0,0,train
225,225_right,1,0,train
226,226_right,0,0,train
227,227_right,0,0,train
230,230_right,1,0,test
231,231_right,0,0,val
233,233_right,1,0,train
234,234_right,1,0,train
237,237_right,0,0,test
238,238_right,1,0,train
239,239_right,1,0,test
240,240_right,1,0,train
243,243_right,0,0,val
245,245_right,1,0,train
246,246_right,1,0,train
247,247_right,0,0,test
248,248_right,1,0,train
250,250_right,1,0,train
251,251_right,1,0,val
252,252_right,0,0,train
253,253_right,1,0,test
255,255_right,1,0,train
256,256_right,0,0,train
257,257_right,0,0,train
258,258_right,0,0,val
259,259_right,1,0,test
260,260_right,1,0,train
262,262_right,0,0,train
263,263_right,1,0,train
264,264_right,1,0,train
267,267_right,0,0,test
268,268_right,1,0,val
270,270_right,0,0,train
272,272_right,0,0,train
273,273_right,0,0,train
274,274_right,1,0,train
275,275_right,1,0,val
276,276_right,0,0,test
277,277_right,0,0,train
278,278_right,1,0,train
279,279_right,0,0,train
282,282_right,1,0,train
283,283_right,0,0,test
284,284_right,0,0,val
285,285_right,0,0,train
286,286_right,0,0,train
287,287_right,0,0,train
288,288_right,1,0,test
289,289_right,1,0,train
290,290_right,1,0,val
293,293_right,0,0,train
295,295_right,1,0,train
297,297_right,1,0,test
298,298_right,0,0,train
299,299_right,1,0,train
300,300_right,0,0,train
302,302_right,1,0,val
305,305_right,0,0,test
307,307_right,0,0,train
308,308_right,0,0,train
309,309_right,1,0,val
311,311_right,0,0,train
312,312_right,1,0,test
313,313_right,0,0,train
314,314_right,0,0,val
315,315_right,0,0,train
316,316_right,0,0,train
317,317_right,0,0,test
318,318_right,1,0,train
322,322_right,0,0,train
323,323_right,1,0,val
324,324_right,1,0,train
326,326_right,1,0,test
327,327_right,1,0,train
328,328_right,0,0,train
329,329_right,0,0,train
330,330_right,0,0,val
331,331_right,0,0,train
332,332_right,1,0,test
334,334_right,0,0,train
337,337_right,0,0,train
339,339_right,1,0,train
340,340_right,0,0,val
341,341_right,1,0,test
342,342_right,1,0,train
344,344_right,1,0,train
346,346_right,1,0,train
347,347_right,1,0,train
348,348_right,1,0,test
349,349_right,0,0,train
350,350_right,0,0,val
351,351_right,1,0,train
352,352_right,1,0,train
353,353_right,0,0,test
354,354_right,0,0,train
355,355_right,0,0,train
356,356_right,0,0,train
359,359_right,1,0,train
362,362_right,0,0,test
363,363_right,0,0,test
364,364_right,1,0,val
366,366_right,0,0,train
367,367_right,0,0,train
368,368_right,0,0,train
370,370_right,0,0,test
371,371_right,1,0,train
372,372_right,0,0,val
374,374_right,0,0,train
375,375_right,1,0,train
377,377_right,0,0,test
379,379_right,0,0,train
380,380_right,0,0,train
382,382_right,1,0,val
383,383_right,1,0,train
385,385_right,0,0,test
386,386_right,0,0,train
387,387_right,1,0,train
388,388_right,0,0,train
389,389_right,0,0,val
391,391_right,1,0,test
392,392_right,1,0,train
393,393_right,0,0,train
395,395_right,1,0,train
397,397_right,0,0,train
398,398_right,1,0,test
401,401_right,0,0,val
403,403_right,0,0,train
404,404_right,1,0,train
405,405_right,0,0,train
406,406_right,1,0,test
407,407_right,0,0,train
410,410_right,0,0,val
411,411_right,1,0,train
412,412_right,1,0,train
413,413_right,0,0,test
414,414_right,1,0,train
415,415_right,1,0,train
416,416_right,1,0,val
417,417_right,1,0,train
418,418_right,0,0,train
420,420_right,1,0,train
421,421_right,1,0,test
422,422_right,0,0,train
426,426_right,1,0,val
427,427_right,0,0,train
428,428_right,0,0,train
429,429_right,1,0,train
430,430_right,1,0,test
431,431_right,1,0,train
432,432_right,1,0,train
433,433_right,1,0,val
434,434_right,0,0,train
436,436_right,1,0,test
437,437_right,1,0,train
438,438_right,1,0,train
439,439_right,0,0,train
443,443_right,0,0,val
444,444_right,1,0,train
445,445_right,1,0,test
446,446_right,1,0,train
447,447_right,1,0,train
449,449_right,0,0,train
450,450_right,0,0,val
451,451_right,0,0,test
453,453_right,1,0,train
454,454_right,1,0,train
455,455_right,0,0,test
456,456_right,1,0,train
457,457_right,0,0,train
458,458_right,0,0,test
459,459_right,1,0,val
462,462_right,1,0,train
463,463_right,1,0,train
465,465_right,0,0,train
466,466_right,1,0,test
468,468_right,1,0,train
470,470_right,1,0,val
472,472_right,0,0,train
474,474_right,1,0,train
476,476_right,0,0,train
477,477_right,1,0,test
478,478_right,0,0,train
479,479_right,0,0,val
480,480_right,0,0,train
481,481_right,0,0,train
482,482_right,1,0,test
483,483_right,1,0,train
484,484_right,1,0,train
486,486_right,1,0,val
489,489_right,0,0,train
490,490_right,0,0,test
491,491_right,1,0,train
492,492_right,1,0,train
493,493_right,1,0,train
494,494_right,1,0,val
495,495_right,0,0,test
496,496_right,0,0,train
497,497_right,1,0,train
498,498_right,1,0,val
500,500_right,1,0,train
501,501_right,1,0,test
502,502_right,1,0,train
503,503_right,0,0,val
505,505_right,0,0,train
507,507_right,0,0,train
508,508_right,1,0,test
509,509_right,1,0,train
510,510_right,1,0,train
511,511_right,1,0,val
512,512_right,1,0,train
513,513_right,0,0,test
514,514_right,1,0,train
515,515_right,1,0,train
516,516_right,1,0,train
521,521_right,0,0,val
522,522_right,0,0,test
523,523_right,0,0,train
524,524_right,1,0,train
525,525_right,0,0,train
526,526_right,0,0,train
527,527_right,1,0,test
528,528_right,0,0,train
531,531_right,0,0,val
533,533_right,0,0,train
534,534_right,0,0,train
535,535_right,0,0,test
536,536_right,1,0,train
537,537_right,1,0,train
538,538_right,1,0,val
539,539_right,1,0,train
540,540_right,1,0,test
541,541_right,0,0,train
543,543_right,1,0,train
546,546_right,1,0,train
548,548_right,0,0,val
549,549_right,0,0,test
550,550_right,1,0,train
551,551_right,0,0,train
552,552_right,0,0,train
553,553_right,1,0,train
554,554_right,0,0,test
555,555_right,1,0,val
557,557_right,0,0,train
558,558_right,0,0,train
559,559_right,1,0,train
561,561_right,0,0,test
562,562_right,0,0,train
563,563_right,1,0,train
564,564_right,1,0,train
565,565_right,1,0,val
566,566_right,1,0,test
567,567_right,1,0,train
568,568_right,0,0,train
569,569_right,0,0,val
571,571_right,0,0,train
572,572_right,1,0,test
573,573_right,1,0,train
574,574_right,0,0,train
575,575_right,1,0,train
576,576_right,1,0,val
577,577_right,0,0,train
579,579_right,0,0,test
580,580_right,1,0,train
581,581_right,0,0,train
582,582_right,0,0,train
583,583_right,1,0,train
586,586_right,1,0,test
587,587_right,1,0,val
588,588_right,0,0,train
589,589_right,0,0,train
590,590_right,0,0,train
591,591_right,1,0,test
595,595_right,0,0,train
596,596_right,0,0,train
598,598_right,1,0,train
601,601_right,0,0,train
602,602_right,1,0,test
603,603_right,0,0,val
604,604_right,0,0,train
605,605_right,1,0,train
606,606_right,0,0,train
607,607_right,1,0,test
608,608_right,0,0,train
610,610_right,0,0,val
611,611_right,0,0,train
612,612_right,0,0,train
613,613_right,0,0,test
614,614_right,0,0,val
615,615_right,0,0,train
617,617_right,1,0,train
618,618_right,1,0,train
619,619_right,1,0,test
620,620_right,1,0,train
621,621_right,1,0,val
622,622_right,0,0,train
624,624_right,1,0,train
626,626_right,0,0,test
627,627_right,1,0,train
628,628_right,1,0,train
629,629_right,1,0,val
630,630_right,1,0,train
631,631_right,0,0,test
632,632_right,0,0,train
633,633_right,1,0,train
634,634_right,0,0,train
637,637_right,1,0,val
638,638_right,1,0,test
639,639_right,0,0,train
641,641_right,1,0,train
642,642_right,1,0,train
644,644_right,1,0,train
645,645_right,1,0,test
647,647_right,1,0,train
654,654_right,0,0,train
655,655_right,1,0,val
656,656_right,0,0,train
657,657_right,0,0,test
658,658_right,1,0,train
659,659_right,1,0,val
660,660_right,1,0,train
662,662_right,1,0,train
663,663_right,0,0,test
664,664_right,0,0,train
665,665_right,1,0,train
667,667_right,1,0,val
668,668_right,1,0,train
669,669_right,0,0,test
671,671_right,0,0,train
676,676_right,0,0,train
677,677_right,1,0,train
679,679_right,0,0,val
680,680_right,1,0,test
681,681_right,1,0,train
683,683_right,0,0,train
684,684_right,1,0,train
685,685_right,1,0,train
686,686_right,1,0,test
687,687_right,0,0,train
688,688_right,0,0,train
690,690_right,1,0,val
693,693_right,1,0,train
694,694_right,1,0,test
695,695_right,0,0,train
696,696_right,0,0,train
697,697_right,1,0,val
698,698_right,1,0,train
700,700_right,0,0,test
701,701_right,1,0,train
702,702_right,1,0,train
703,703_right,0,0,train
704,704_right,1,0,val
707,707_right,1,0,test
708,708_right,1,0,train
709,709_right,1,0,train
711,711_right,1,0,train
712,712_right,0,0,train
713,713_right,0,0,test
714,714_right,0,0,val
715,715_right,1,0,train
716,716_right,1,0,train
717,717_right,1,0,train
718,718_right,1,0,test
719,719_right,1,0,train
722,722_right,1,0,val
724,724_right,0,0,train
725,725_right,0,0,train
728,728_right,1,0,train
729,729_right,0,0,test
730,730_right,0,0,train
731,731_right,0,0,train
733,733_right,1,0,train
734,734_right,0,0,val
735,735_right,1,0,test
737,737_right,1,0,train
738,738_right,0,0,train
741,741_right,1,0,val
745,745_right,0,0,train
747,747_right,0,0,test
750,750_right,1,0,val
751,751_right,1,0,train
753,753_right,0,0,train
754,754_right,1,0,train
755,755_right,1,0,test
757,757_right,1,0,val
759,759_right,0,0,train
760,760_right,0,0,train
761,761_right,1,0,train
764,764_right,1,0,test
765,765_right,0,0,train
766,766_right,1,0,val
768,768_right,1,0,train
769,769_right,0,0,train
770,770_right,0,0,test
771,771_right,1,0,train
774,774_right,1,0,train
775,775_right,0,0,val
776,776_right,0,0,train
777,777_right,1,0,train
778,778_right,0,0,test
779,779_right,1,0,train
780,780_right,1,0,train
781,781_right,0,0,train
782,782_right,0,0,train
783,783_right,1,0,test
785,785_right,1,0,val
786,786_right,0,0,train
787,787_right,1,0,train
788,788_right,1,0,test
791,791_right,0,0,train
792,792_right,1,0,test
793,793_right,1,0,val
794,794_right,0,0,train
795,795_right,1,0,train
799,799_right,0,0,train
800,800_right,1,0,train
801,801_right,1,0,val
803,803_right,1,0,test
806,806_right,1,0,train
807,807_right,1,0,train
808,808_right,0,0,train
809,809_right,1,0,train
810,810_right,0,0,train
811,811_right,0,0,test
813,813_right,0,0,val
814,814_right,1,0,train
815,815_right,0,0,train
817,817_right,1,0,train
818,818_right,0,0,test
819,819_right,1,0,train
820,820_right,0,0,val
821,821_right,1,0,train
822,822_right,1,0,train
825,825_right,0,0,test
827,827_right,1,0,train
828,828_right,1,0,train
830,830_right,1,0,train
831,831_right,0,0,train
833,833_right,1,0,test
835,835_right,0,0,val
837,837_right,1,0,train
839,839_right,0,0,train
842,842_right,0,0,val
843,843_right,0,0,train
844,844_right,1,0,test
845,845_right,1,0,train
846,846_right,1,0,train
847,847_right,0,0,train
848,848_right,0,0,val
849,849_right,1,0,test
850,850_right,0,0,train
852,852_right,0,0,test
855,855_right,0,0,train
856,856_right,1,0,train
857,857_right,0,0,train
858,858_right,0,0,test
859,859_right,1,0,train
861,861_right,1,0,train
862,862_right,0,0,val
863,863_right,0,0,train
864,864_right,1,0,test
866,866_right,0,0,train
867,867_right,1,0,val
868,868_right,1,0,train
873,873_right,0,0,train
874,874_right,1,0,train
875,875_right,1,0,test
876,876_right,1,0,train
878,878_right,0,0,train
885,885_right,0,0,val
886,886_right,1,0,train
889,889_right,1,0,test
890,890_right,1,0,train
891,891_right,0,0,train
895,895_right,1,0,train
896,896_right,1,0,val
897,897_right,1,0,test
898,898_right,0,0,train
900,900_right,1,0,train
901,901_right,1,0,train
904,904_right,1,0,train
906,906_right,0,0,train
907,907_right,0,0,test
908,908_right,0,0,val
909,909_right,1,0,train
910,910_right,0,0,train
912,912_right,1,0,train
914,914_right,1,0,test
915,915_right,1,0,train
916,916_right,1,0,val
917,917_right,0,0,train
918,918_right,1,0,train
919,919_right,1,0,test
920,920_right,1,0,train
921,921_right,1,0,train
922,922_right,0,0,train
001,001_left,1,1,train
002,002_left,1,1,train
004,004_left,1,1,val
005,005_left,0,1,train
007,007_left,1,1,train
008,008_left,0,1,train
009,009_left,0,1,test
010,010_left,1,1,train
012,012_left,0,1,val
013,013_left,1,1,train
014,014_left,0,1,train
015,015_left,0,1,test
017,017_left,1,1,train
018,018_left,0,1,train
019,019_left,1,1,val
020,020_left,0,1,val
021,021_left,1,1,test
023,023_left,1,1,train
024,024_left,1,1,train
025,025_left,1,1,train
026,026_left,0,1,train
027,027_left,0,1,test
028,028_left,1,1,train
029,029_left,0,1,val
031,031_left,0,1,train
033,033_left,1,1,train
036,036_left,0,1,test
037,037_left,1,1,train
038,038_left,0,1,val
039,039_left,1,1,test
041,041_left,1,1,train
042,042_left,0,1,train
043,043_left,1,1,test
044,044_left,1,1,train
046,046_left,1,1,train
047,047_left,1,1,val
048,048_left,1,1,train
049,049_left,0,1,test
050,050_left,1,1,train
051,051_left,0,1,train
052,052_left,1,1,train
053,053_left,1,1,val
056,056_left,1,1,train
057,057_left,0,1,test
058,058_left,1,1,train
059,059_left,1,1,train
061,061_left,1,1,train
063,063_left,0,1,train
064,064_left,1,1,test
065,065_left,1,1,val
066,066_left,1,1,train
067,067_left,1,1,train
071,071_left,0,1,train
073,073_left,1,1,test
075,075_left,1,1,val
076,076_left,0,1,train
079,079_left,0,1,train
080,080_left,0,1,train
081,081_left,0,1,train
082,082_left,0,1,test
083,083_left,1,1,val
084,084_left,0,1,train
085,085_left,0,1,train
086,086_left,0,1,train
087,087_left,1,1,train
088,088_left,1,1,test
089,089_left,0,1,train
090,090_left,0,1,val
093,093_left,1,1,train
094,094_left,0,1,test
095,095_left,1,1,train
097,097_left,0,1,train
098,098_left,1,1,train
100,100_left,1,1,val
102,102_left,0,1,test
103,103_left,0,1,train
104,104_left,0,1,train
106,106_left,0,1,train
108,108_left,0,1,train
109,109_left,1,1,test
110,110_left,0,1,val
111,111_left,1,1,train
114,114_left,0,1,train
116,116_left,0,1,train
117,117_left,1,1,test
118,118_left,0,1,train
120,120_left,0,1,val
122,122_left,1,1,train
124,124_left,1,1,train
125,125_left,1,1,test
126,126_left,1,1,train
128,128_left,0,1,train
130,130_left,1,1,val
131,131_left,1,1,train
132,132_left,1,1,test
137,137_left,1,1,train
138,138_left,0,1,train
139,139_left,0,1,train
141,141_left,1,1,val
142,142_left,1,1,test
143,143_left,0,1,train
144,144_left,0,1,train
145,145_left,0,1,train
151,151_left,1,1,train
153,153_left,0,1,test
154,154_left,0,1,train
155,155_left,0,1,val
156,156_left,0,1,train
157,157_left,0,1,train
158,158_left,1,1,test
159,159_left,0,1,train
161,161_left,0,1,train
162,162_left,0,1,val
164,164_left,1,1,train
167,167_left,0,1,test
168,168_left,1,1,train
169,169_left,1,1,train
172,172_left,1,1,train
173,173_left,0,1,val
177,177_left,1,1,test
178,178_left,0,1,train
179,179_left,0,1,train
180,180_left,0,1,train
181,181_left,1,1,train
182,182_left,1,1,test
183,183_left,1,1,val
185,185_left,1,1,train
187,187_left,0,1,train
188,188_left,0,1,train
189,189_left,0,1,test
191,191_left,1,1,train
192,192_left,0,1,val
193,193_left,0,1,train
194,194_left,0,1,train
195,195_left,1,1,train
196,196_left,0,1,test
197,197_left,1,1,train
198,198_left,1,1,val
199,199_left,0,1,train
200,200_left,0,1,train
201,201_left,0,1,test
202,202_left,1,1,train
203,203_left,1,1,train
204,204_left,0,1,val
205,205_left,0,1,train
206,206_left,1,1,train
207,207_left,0,1,test
208,208_left,0,1,train
209,209_left,0,1,train
210,210_left,1,1,train
212,212_left,0,1,val
213,213_left,1,1,test
215,215_left,1,1,train
220,220_left,1,1,train
221,221_left,0,1,train
222,222_left,1,1,train
223,223_left,1,1,test
225,225_left,0,1,val
226,226_left,1,1,train
227,227_left,1,1,train
230,230_left,0,1,train
231,231_left,1,1,test
233,233_left,0,1,train
234,234_left,0,1,val
237,237_left,1,1,train
238,238_left,0,1,train
239,239_left,0,1,train
240,240_left,0,1,test
243,243_left,1,1,train
245,245_left,0,1,val
246,246_left,0,1,train
247,247_left,1,1,train
248,248_left,0,1,test
250,250_left,0,1,train
251,251_left,1,1,train
252,252_left,1,1,val
253,253_left,0,1,train
255,255_left,0,1,test
256,256_left,1,1,train
257,257_left,1,1,train
258,258_left,1,1,train
259,259_left,0,1,val
260,260_left,0,1,test
262,262_left,1,1,train
263,263_left,0,1,train
264,264_left,0,1,train
267,267_left,1,1,train
268,268_left,0,1,test
270,270_left,1,1,train
272,272_left,1,1,val
273,273_left,1,1,test
274,274_left,0,1,train
275,275_left,0,1,train
276,276_left,1,1,train
277,277_left,1,1,test
278,278_left,0,1,train
279,279_left,1,1,val
282,282_left,0,1,train
283,283_left,1,1,train
284,284_left,1,1,test
285,285_left,1,1,train
286,286_left,1,1,train
287,287_left,1,1,val
288,288_left,0,1,train
289,289_left,0,1,test
290,290_left,1,1,train
293,293_left,1,1,train
295,295_left,0,1,train
297,297_left,1,1,val
298,298_left,1,1,test
299,299_left,0,1,train
300,300_left,1,1,val
302,302_left,0,1,train
305,305_left,1,1,train
307,307_left,1,1,test
308,308_left,1,1,train
309,309_left,0,1,train
311,311_left,1,1,train
312,312_left,0,1,val
313,313_left,1,1,test
314,314_left,1,1,train
315,315_left,1,1,train
316,316_left,1,1,train
317,317_left,1,1,train
318,318_left,0,1,test
322,322_left,1,1,val
323,323_left,0,1,train
324,324_left,0,1,train
326,326_left,0,1,train
327,327_left,0,1,test
328,328_left,1,1,train
329,329_left,1,1,val
330,330_left,1,1,train
331,331_left,1,1,train
332,332_left,0,1,train
334,334_left,1,1,test
337,337_left,1,1,train
339,339_left,0,1,val
340,340_left,1,1,train
341,341_left,0,1,train
342,342_left,0,1,test
344,344_left,0,1,train
346,346_left,0,1,train
347,347_left,0,1,val
348,348_left,1,1,train
349,349_left,1,1,test
350,350_left,1,1,train
351,351_left,0,1,train
352,352_left,0,1,train
353,353_left,1,1,train
354,354_left,1,1,test
355,355_left,1,1,val
356,356_left,1,1,train
359,359_left,0,1,train
362,362_left,1,1,train
363,363_left,1,1,train
364,364_left,1,1,test
366,366_left,1,1,train
367,367_left,1,1,train
368,368_left,1,1,val
370,370_left,1,1,train
371,371_left,0,1,test
372,372_left,1,1,train
374,374_left,1,1,train
375,375_left,1,1,train
377,377_left,1,1,val
379,379_left,1,1,test
380,380_left,1,1,train
382,382_left,0,1,train
383,383_left,0,1,train
385,385_left,1,1,train
386,386_left,1,1,test
387,387_left,0,1,val
388,388_left,1,1,train
389,389_left,1,1,train
391,391_left,0,1,train
392,392_left,0,1,test
393,393_left,1,1,train
395,395_left,0,1,val
397,397_left,1,1,val
398,398_left,0,1,train
401,401_left,1,1,test
403,403_left,1,1,train
404,404_left,0,1,train
405,405_left,1,1,train
406,406_left,0,1,val
407,407_left,1,1,test
410,410_left,1,1,train
411,411_left,0,1,train
412,412_left,0,1,train
413,413_left,1,1,train
414,414_left,0,1,test
415,415_left,0,1,train
416,416_left,0,1,test
417,417_left,1,1,train
418,418_left,1,1,val
420,420_left,0,1,train
421,421_left,0,1,train
422,422_left,1,1,test
426,426_left,0,1,train
427,427_left,1,1,train
428,428_left,1,1,train
429,429_left,0,1,val
430,430_left,0,1,train
431,431_left,1,1,test
432,432_left,0,1,train
433,433_left,1,1,train
434,434_left,1,1,train
436,436_left,1,1,val
437,437_left,0,1,test
438,438_left,0,1,train
439,439_left,1,1,train
443,443_left,1,1,train
444,444_left,0,1,train
445,445_left,0,1,val
446,446_left,0,1,test
447,447_left,0,1,train
449,449_left,1,1,train
450,450_left,1,1,train
451,451_left,1,1,train
453,453_left,0,1,test
454,454_left,0,1,val
455,455_left,1,1,train
456,456_left,0,1,train
457,457_left,1,1,train
458,458_left,1,1,train
459,459_left,0,1,test
462,462_left,0,1,train
463,463_left,0,1,val
465,465_left,1,1,train
466,466_left,0,1,train
468,468_left,0,1,test
470,470_left,0,1,train
472,472_left,1,1,val
474,474_left,0,1,train
476,476_left,1,1,train
477,477_left,0,1,train
478,478_left,1,1,test
479,479_left,1,1,train
480,480_left,1,1,val
481,481_left,1,1,train
482,482_left,0,1,train
483,483_left,0,1,test
484,484_left,0,1,train
486,486_left,0,1,train
489,489_left,1,1,val
490,490_left,1,1,train
491,491_left,0,1,test
492,492_left,0,1,train
493,493_left,0,1,train
494,494_left,0,1,train
495,495_left,1,1,val
496,496_left,1,1,test
497,497_left,0,1,train
498,498_left,0,1,train
500,500_left,0,1,train
501,501_left,0,1,train
502,502_left,0,1,test
503,503_left,1,1,train
505,505_left,1,1,val
507,507_left,1,1,train
508,508_left,0,1,val
509,509_left,0,1,test
510,510_left,0,1,train
511,511_left,0,1,train
512,512_left,0,1,train
513,513_left,1,1,val
514,514_left,0,1,test
515,515_left,0,1,train
516,516_left,0,1,train
521,521_left,1,1,train
522,522_left,1,1,train
523,523_left,1,1,test
524,524_left,0,1,val
525,525_left,1,1,train
526,526_left,1,1,train
527,527_left,0,1,train
528,528_left,1,1,test
531,531_left,1,1,train
533,533_left,1,1,val
534,534_left,1,1,train
535,535_left,1,1,train
536,536_left,0,1,test
537,537_left,1,1,train
538,538_left,0,1,train
539,539_left,0,1,val
540,540_left,1,1,train
541,541_left,1,1,test
543,543_left,0,1,train
546,546_left,0,1,train
548,548_left,1,1,train
549,549_left,1,1,val
550,550_left,0,1,test
551,551_left,1,1,train
552,552_left,1,1,train
553,553_left,0,1,train
554,554_left,1,1,train
555,555_left,0,1,test
557,557_left,1,1,train
558,558_left,1,1,val
559,559_left,0,1,train
561,561_left,1,1,train
562,562_left,1,1,test
563,563_left,0,1,train
564,564_left,1,1,train
565,565_left,0,1,val
566,566_left,0,1,train
567,567_left,0,1,test
568,568_left,1,1,train
569,569_left,1,1,train
571,571_left,1,1,train
572,572_left,0,1,val
573,573_left,0,1,test
574,574_left,1,1,train
575,575_left,0,1,train
576,576_left,0,1,test
577,577_left,1,1,train
579,579_left,1,1,train
580,580_left,0,1,test
581,581_left,1,1,val
582,582_left,1,1,train
583,583_left,0,1,train
586,586_left,0,1,train
587,587_left,0,1,test
588,588_left,1,1,train
589,589_left,1,1,val
590,590_left,1,1,train
591,591_left,0,1,train
595,595_left,1,1,test
596,596_left,1,1,train
598,598_left,1,1,train
601,601_left,1,1,val
602,602_left,0,1,train
603,603_left,1,1,test
604,604_left,1,1,train
605,605_left,0,1,train
606,606_left,1,1,train
607,607_left,0,1,val
608,608_left,1,1,test
610,610_left,1,1,train
611,611_left,1,1,train
612,612_left,1,1,train
613,613_left,1,1,train
614,614_left,1,1,test
615,615_left,1,1,val
617,617_left,1,1,train
618,618_left,0,1,train
619,619_left,0,1,train
620,620_left,0,1,test
621,621_left,0,1,train
622,622_left,1,1,val
624,624_left,0,1,train
626,626_left,1,1,train
627,627_left,0,1,test
628,628_left,0,1,train
629,629_left,0,1,train
630,630_left,0,1,val
631,631_left,1,1,train
632,632_left,1,1,test
633,633_left,0,1,train
634,634_left,1,1,train
637,637_left,0,1,train
638,638_left,0,1,train
639,639_left,1,1,test
641,641_left,0,1,val
642,642_left,0,1,train
644,644_left,0,1,train
645,645_left,0,1,train
647,647_left,0,1,test
654,654_left,1,1,train
655,655_left,0,1,val
656,656_left,1,1,train
657,657_left,1,1,train
658,658_left,0,1,test
659,659_left,0,1,train
660,660_left,0,1,train
662,662_left,0,1,val
663,663_left,1,1,train
664,664_left,1,1,test
665,665_left,1,1,train
667,667_left,0,1,train
668,668_left,0,1,train
669,669_left,1,1,val
671,671_left,1,1,test
676,676_left,1,1,train
677,677_left,1,1,train
679,679_left,1,1,train
680,680_left,1,1,train
681,681_left,0,1,test
683,683_left,1,1,val
684,684_left,0,1,train
685,685_left,0,1,train
686,686_left,0,1,train
687,687_left,1,1,test
688,688_left,1,1,train
690,690_left,0,1,val
693,693_left,0,1,train
694,694_left,0,1,train
695,695_left,1,1,test
696,696_left,1,1,train
697,697_left,0,1,train
698,698_left,0,1,train
700,700_left,1,1,val
701,701_left,0,1,test
702,702_left,0,1,train
703,703_left,1,1,train
704,704_left,0,1,train
707,707_left,0,1,train
708,708_left,0,1,test
709,709_left,0,1,val
711,711_left,0,1,train
712,712_left,1,1,train
713,713_left,1,1,train
714,714_left,1,1,test
715,715_left,0,1,train
716,716_left,0,1,val
717,717_left,0,1,train
718,718_left,1,1,train
719,719_left,0,1,train
722,722_left,0,1,test
724,724_left,1,1,train
725,725_left,1,1,val
728,728_left,0,1,train
729,729_left,1,1,train
730,730_left,1,1,test
731,731_left,1,1,train
733,733_left,0,1,train
734,734_left,1,1,val
735,735_left,0,1,train
737,737_left,0,1,test
738,738_left,1,1,train
741,741_left,1,1,train
745,745_left,1,1,train
747,747_left,1,1,train
750,750_left,0,1,test
751,751_left,0,1,val
753,753_left,1,1,train
754,754_left,0,1,train
755,755_left,0,1,train
757,757_left,0,1,test
759,759_left,1,1,val
760,760_left,1,1,train
761,761_left,0,1,val
764,764_left,0,1,train
765,765_left,1,1,test
766,766_left,0,1,train
768,768_left,0,1,train
769,769_left,1,1,train
770,770_left,1,1,val
771,771_left,0,1,test
774,774_left,0,1,train
775,775_left,1,1,train
776,776_left,1,1,train
777,777_left,0,1,train
778,778_left,1,1,val
779,779_left,0,1,test
780,780_left,0,1,train
781,781_left,1,1,train
782,782_left,1,1,train
783,783_left,0,1,train
785,785_left,0,1,test
786,786_left,1,1,val
787,787_left,0,1,train
788,788_left,0,1,train
791,791_left,1,1,train
792,792_left,0,1,train
793,793_left,0,1,test
794,794_left,1,1,test
795,795_left,0,1,train
799,799_left,1,1,val
800,800_left,0,1,train
801,801_left,1,1,train
803,803_left,0,1,train
806,806_left,0,1,test
807,807_left,0,1,train
808,808_left,1,1,train
809,809_left,0,1,val
810,810_left,1,1,train
811,811_left,1,1,train
813,813_left,1,1,test
814,814_left,0,1,train
815,815_left,1,1,train
817,817_left,0,1,val
818,818_left,1,1,train
819,819_left,0,1,test
820,820_left,1,1,train
821,821_left,1,1,train
822,822_left,0,1,train
825,825_left,1,1,val
827,827_left,0,1,test
828,828_left,0,1,train
830,830_left,0,1,train
831,831_left,1,1,train
833,833_left,0,1,train
835,835_left,1,1,test
837,837_left,0,1,val
839,839_left,1,1,train
842,842_left,1,1,train
843,843_left,1,1,train
844,844_left,0,1,train
845,845_left,0,1,test
846,846_left,0,1,val
847,847_left,1,1,train
848,848_left,1,1,train
849,849_left,0,1,train
850,850_left,1,1,test
852,852_left,1,1,train
855,855_left,1,1,val
856,856_left,0,1,train
857,857_left,1,1,train
858,858_left,1,1,train
859,859_left,0,1,test
861,861_left,0,1,train
862,862_left,1,1,val
863,863_left,1,1,train
864,864_left,0,1,train
866,866_left,1,1,test
867,867_left,0,1,train
868,868_left,0,1,train
873,873_left,1,1,val
874,874_left,0,1,train
875,875_left,0,1,train
876,876_left,0,1,test
878,878_left,1,1,train
885,885_left,1,1,train
886,886_left,0,1,val
889,889_left,0,1,train
890,890_left,0,1,test
891,891_left,1,1,train
895,895_left,0,1,train
896,896_left,0,1,train
897,897_left,0,1,val
898,898_left,1,1,test
900,900_left,0,1,train
901,901_left,0,1,train
904,904_left,0,1,test
906,906_left,1,1,train
907,907_left,1,1,train
908,908_left,1,1,test
909,909_left,0,1,val
910,910_left,1,1,train
912,912_left,0,1,train
914,914_left,0,1,train
915,915_left,0,1,test
916,916_left,0,1,train
917,917_left,1,1,val
918,918_left,0,1,train
919,919_left,0,1,train
920,920_left,1,1,test
921,921_left,0,1,train
922,922_left,1,1,train
001,001_right,0,1,train
002,002_right,0,1,train
004,004_right,0,1,val
005,005_right,1,1,train
007,007_right,0,1,train
008,008_right,1,1,train
009,009_right,1,1,test
010,010_right,0,1,train
012,012_right,1,1,val
013,013_right,0,1,train
014,014_right,1,1,train
015,015_right,1,1,test
017,017_right,0,1,train
018,018_right,1,1,train
019,019_right,0,1,val
020,020_right,1,1,val
021,021_right,0,1,test
023,023_right,0,1,train
024,024_right,0,1,train
025,025_right,0,1,train
026,026_right,1,1,train
027,027_right,1,1,test
028,028_right,0,1,train
029,029_right,1,1,val
031,031_right,1,1,train
033,033_right,0,1,train
036,036_right,1,1,test
037,037_right,0,1,train
038,038_right,1,1,val
039,039_right,0,1,test
041,041_right,0,1,train
042,042_right,1,1,train
043,043_right,1,1,test
044,044_right,0,1,train
046,046_right,1,1,train
047,047_right,0,1,val
048,048_right,0,1,train
049,049_right,1,1,test
050,050_right,1,1,train
051,051_right,1,1,train
052,052_right,0,1,train
053,053_right,0,1,val
056,056_right,1,1,train
057,057_right,1,1,test
058,058_right,0,1,train
059,059_right,0,1,train
061,061_right,0,1,train
063,063_right,1,1,train
064,064_right,0,1,test
065,065_right,0,1,val
066,066_right,0,1,train
067,067_right,0,1,train
071,071_right,1,1,train
073,073_right,0,1,test
075,075_right,0,1,val
076,076_right,1,1,train
079,079_right,1,1,train
080,080_right,1,1,train
081,081_right,1,1,train
082,082_right,1,1,test
083,083_right,0,1,val
084,084_right,1,1,train
085,085_right,1,1,train
086,086_right,1,1,train
087,087_right,0,1,train
088,088_right,0,1,test
089,089_right,1,1,train
090,090_right,1,1,val
093,093_right,0,1,train
094,094_right,1,1,test
095,095_right,0,1,train
097,097_right,1,1,train
098,098_right,0,1,train
100,100_right,0,1,val
102,102_right,1,1,test
103,103_right,1,1,train
104,104_right,1,1,train
106,106_right,1,1,train
108,108_right,1,1,train
109,109_right,0,1,test
110,110_right,1,1,val
111,111_right,0,1,train
114,114_right,1,1,train
116,116_right,1,1,train
117,117_right,0,1,test
118,118_right,1,1,train
120,120_right,1,1,val
122,122_right,0,1,train
124,124_right,0,1,train
125,125_right,0,1,test
126,126_right,0,1,train
128,128_right,1,1,train
130,130_right,0,1,val
131,131_right,0,1,train
132,132_right,0,1,test
137,137_right,0,1,train
138,138_right,1,1,train
139,139_right,1,1,train
141,141_right,1,1,val
142,142_right,0,1,test
143,143_right,1,1,train
144,144_right,1,1,train
145,145_right,1,1,train
151,151_right,0,1,train
153,153_right,1,1,test
154,154_right,1,1,train
155,155_right,1,1,val
156,156_right,1,1,train
157,157_right,1,1,train
158,158_right,0,1,test
159,159_right,1,1,train
161,161_right,1,1,train
162,162_right,1,1,val
164,164_right,0,1,train
167,167_right,1,1,test
168,168_right,0,1,train
169,169_right,0,1,train
172,172_right,0,1,train
173,173_right,1,1,val
177,177_right,0,1,test
178,178_right,1,1,train
179,179_right,1,1,train
180,180_right,1,1,train
181,181_right,0,1,train
182,182_right,0,1,test
183,183_right,0,1,val
185,185_right,0,1,train
187,187_right,1,1,train
188,188_right,1,1,train
189,189_right,1,1,test
191,191_right,0,1,train
192,192_right,1,1,val
193,193_right,1,1,train
194,194_right,1,1,train
195,195_right,0,1,train
196,196_right,1,1,test
197,197_right,0,1,train
198,198_right,0,1,val
199,199_right,1,1,train
200,200_right,1,1,train
201,201_right,1,1,test
202,202_right,0,1,train
203,203_right,0,1,train
204,204_right,1,1,val
205,205_right,1,1,train
206,206_right,0,1,train
207,207_right,1,1,test
208,208_right,1,1,train
209,209_right,1,1,train
210,210_right,0,1,train
212,212_right,1,1,val
213,213_right,0,1,test
215,215_right,0,1,train
220,220_right,0,1,train
221,221_right,1,1,train
222,222_right,0,1,train
223,223_right,0,1,test
225,225_right,1,1,val
226,226_right,0,1,train
227,227_right,0,1,train
230,230_right,1,1,train
231,231_right,0,1,test
233,233_right,1,1,train
234,234_right,1,1,val
237,237_right,0,1,train
238,238_right,1,1,train
239,239_right,1,1,train
240,240_right,1,1,test
243,243_right,0,1,train
245,245_right,1,1,val
246,246_right,1,1,train
247,247_right,0,1,train
248,248_right,1,1,test
250,250_right,1,1,train
251,251_right,1,1,train
252,252_right,0,1,val
253,253_right,1,1,train
255,255_right,1,1,test
256,256_right,0,1,train
257,257_right,0,1,train
258,258_right,0,1,train
259,259_right,1,1,val
260,260_right,1,1,test
262,262_right,0,1,train
263,263_right,1,1,train
264,264_right,1,1,train
267,267_right,0,1,train
268,268_right,1,1,test
270,270_right,0,1,train
272,272_right,0,1,val
273,273_right,0,1,test
274,274_right,1,1,train
275,275_right,1,1,train
276,276_right,0,1,train
277,277_right,0,1,test
278,278_right,1,1,train
279,279_right,0,1,val
282,282_right,1,1,train
283,283_right,0,1,train
284,284_right,0,1,test
285,285_right,0,1,train
286,286_right,0,1,train
287,287_right,0,1,val
288,288_right,1,1,train
289,289_right,1,1,test
290,290_right,1,1,train
293,293_right,0,1,train
295,295_right,1,1,train
297,297_right,1,1,val
298,298_right,0,1,test
299,299_right,1,1,train
300,300_right,0,1,val
302,302_right,1,1,train
305,305_right,0,1,train
307,307_right,0,1,test
308,308_right,0,1,train
309,309_right,1,1,train
311,311_right,0,1,train
312,312_right,1,1,val
313,313_right,0,1,test
314,314_right,0,1,train
315,315_right,0,1,train
316,316_right,0,1,train
317,317_right,0,1,train
318,318_right,1,1,test
322,322_right,0,1,val
323,323_right,1,1,train
324,324_right,1,1,train
326,326_right,1,1,train
327,327_right,1,1,test
328,328_right,0,1,train
329,329_right,0,1,val
330,330_right,0,1,train
331,331_right,0,1,train
332,332_right,1,1,train
334,334_right,0,1,test
337,337_right,0,1,train
339,339_right,1,1,val
340,340_right,0,1,train
341,341_right,1,1,train
342,342_right,1,1,test
344,344_right,1,1,train
346,346_right,1,1,train
347,347_right,1,1,val
348,348_right,1,1,train
349,349_right,0,1,test
350,350_right,0,1,train
351,351_right,1,1,train
352,352_right,1,1,train
353,353_right,0,1,train
354,354_right,0,1,test
355,355_right,0,1,val
356,356_right,0,1,train
359,359_right,1,1,train
362,362_right,0,1,train
363,363_right,0,1,train
364,364_right,1,1,test
366,366_right,0,1,train
367,367_right,0,1,train
368,368_right,0,1,val
370,370_right,0,1,train
371,371_right,1,1,test
372,372_right,0,1,train
374,374_right,0,1,train
375,375_right,1,1,train
377,377_right,0,1,val
379,379_right,0,1,test
380,380_right,0,1,train
382,382_right,1,1,train
383,383_right,1,1,train
385,385_right,0,1,train
386,386_right,0,1,test
387,387_right,1,1,val
388,388_right,0,1,train
389,389_right,0,1,train
391,391_right,1,1,train
392,392_right,1,1,test
393,393_right,0,1,train
395,395_right,1,1,val
397,397_right,0,1,val
398,398_right,1,1,train
401,401_right,0,1,test
403,403_right,0,1,train
404,404_right,1,1,train
405,405_right,0,1,train
406,406_right,1,1,val
407,407_right,0,1,test
410,410_right,0,1,train
411,411_right,1,1,train
412,412_right,1,1,train
413,413_right,0,1,train
414,414_right,1,1,test
415,415_right,1,1,train
416,416_right,1,1,test
417,417_right,1,1,train
418,418_right,0,1,val
420,420_right,1,1,train
421,421_right,1,1,train
422,422_right,0,1,test
426,426_right,1,1,train
427,427_right,0,1,train
428,428_right,0,1,train
429,429_right,1,1,val
430,430_right,1,1,train
431,431_right,1,1,test
432,432_right,1,1,train
433,433_right,1,1,train
434,434_right,0,1,train
436,436_right,1,1,val
437,437_right,1,1,test
438,438_right,1,1,train
439,439_right,0,1,train
443,443_right,0,1,train
444,444_right,1,1,train
445,445_right,1,1,val
446,446_right,1,1,test
447,447_right,1,1,train
449,449_right,0,1,train
450,450_right,0,1,train
451,451_right,0,1,train
453,453_right,1,1,test
454,454_right,1,1,val
455,455_right,0,1,train
456,456_right,1,1,train
457,457_right,0,1,train
458,458_right,0,1,train
459,459_right,1,1,test
462,462_right,1,1,train
463,463_right,1,1,val
465,465_right,0,1,train
466,466_right,1,1,train
468,468_right,1,1,test
470,470_right,1,1,train
472,472_right,0,1,val
474,474_right,1,1,train
476,476_right,0,1,train
477,477_right,1,1,train
478,478_right,0,1,test
479,479_right,0,1,train
480,480_right,0,1,val
481,481_right,0,1,train
482,482_right,1,1,train
483,483_right,1,1,test
484,484_right,1,1,train
486,486_right,1,1,train
489,489_right,0,1,val
490,490_right,0,1,train
491,491_right,1,1,test
492,492_right,1,1,train
493,493_right,1,1,train
494,494_right,1,1,train
495,495_right,0,1,val
496,496_right,0,1,test
497,497_right,1,1,train
498,498_right,1,1,train
500,500_right,1,1,train
501,501_right,1,1,train
502,502_right,1,1,test
503,503_right,0,1,train
505,505_right,0,1,val
507,507_right,0,1,train
508,508_right,1,1,val
509,509_right,1,1,test
510,510_right,1,1,train
511,511_right,1,1,train
512,512_right,1,1,train
513,513_right,0,1,val
514,514_right,1,1,test
515,515_right,1,1,train
516,516_right,1,1,train
521,521_right,0,1,train
522,522_right,0,1,train
523,523_right,0,1,test
524,524_right,1,1,val
525,525_right,0,1,train
526,526_right,0,1,train
527,527_right,1,1,train
528,528_right,0,1,test
531,531_right,0,1,train
533,533_right,0,1,val
534,534_right,0,1,train
535,535_right,0,1,train
536,536_right,1,1,test
537,537_right,1,1,train
538,538_right,1,1,train
539,539_right,1,1,val
540,540_right,1,1,train
541,541_right,0,1,test
543,543_right,1,1,train
546,546_right,1,1,train
548,548_right,0,1,train
549,549_right,0,1,val
550,550_right,1,1,test
551,551_right,0,1,train
552,552_right,0,1,train
553,553_right,1,1,train
554,554_right,0,1,train
555,555_right,1,1,test
557,557_right,0,1,train
558,558_right,0,1,val
559,559_right,1,1,train
561,561_right,0,1,train
562,562_right,0,1,test
563,563_right,1,1,train
564,564_right,1,1,train
565,565_right,1,1,val
566,566_right,1,1,train
567,567_right,1,1,test
568,568_right,0,1,train
569,569_right,0,1,train
571,571_right,0,1,train
572,572_right,1,1,val
573,573_right,1,1,test
574,574_right,0,1,train
575,575_right,1,1,train
576,576_right,1,1,test
577,577_right,0,1,train
579,579_right,0,1,train
580,580_right,1,1,test
581,581_right,0,1,val
582,582_right,0,1,train
583,583_right,1,1,train
586,586_right,1,1,train
587,587_right,1,1,test
588,588_right,0,1,train
589,589_right,0,1,val
590,590_right,0,1,train
591,591_right,1,1,train
595,595_right,0,1,test
596,596_right,0,1,train
598,598_right,1,1,train
601,601_right,0,1,val
602,602_right,1,1,train
603,603_right,0,1,test
604,604_right,0,1,train
605,605_right,1,1,train
606,606_right,0,1,train
607,607_right,1,1,val
608,608_right,0,1,test
610,610_right,0,1,train
611,611_right,0,1,train
612,612_right,0,1,train
613,613_right,0,1,train
614,614_right,0,1,test
615,615_right,0,1,val
617,617_right,1,1,train
618,618_right,1,1,train
619,619_right,1,1,train
620,620_right,1,1,test
621,621_right,1,1,train
622,622_right,0,1,val
624,624_right,1,1,train
626,626_right,0,1,train
627,627_right,1,1,test
628,628_right,1,1,train
629,629_right,1,1,train
630,630_right,1,1,val
631,631_right,0,1,train
632,632_right,0,1,test
633,633_right,1,1,train
634,634_right,0,1,train
637,637_right,1,1,train
638,638_right,1,1,train
639,639_right,0,1,test
641,641_right,1,1,val
642,642_right,1,1,train
644,644_right,1,1,train
645,645_right,1,1,train
647,647_right,1,1,test
654,654_right,0,1,train
655,655_right,1,1,val
656,656_right,0,1,train
657,657_right,0,1,train
658,658_right,1,1,test
659,659_right,1,1,train
660,660_right,1,1,train
662,662_right,1,1,val
663,663_right,0,1,train
664,664_right,0,1,test
665,665_right,1,1,train
667,667_right,1,1,train
668,668_right,1,1,train
669,669_right,0,1,val
671,671_right,0,1,test
676,676_right,0,1,train
677,677_right,1,1,train
679,679_right,0,1,train
680,680_right,1,1,train
681,681_right,1,1,test
683,683_right,0,1,val
684,684_right,1,1,train
685,685_right,1,1,train
686,686_right,1,1,train
687,687_right,0,1,test
688,688_right,0,1,train
690,690_right,1,1,val
693,693_right,1,1,train
694,694_right,1,1,train
695,695_right,0,1,test
696,696_right,0,1,train
697,697_right,1,1,train
698,698_right,1,1,train
700,700_right,0,1,val
701,701_right,1,1,test
702,702_right,1,1,train
703,703_right,0,1,train
704,704_right,1,1,train
707,707_right,1,1,train
708,708_right,1,1,test
709,709_right,1,1,val
711,711_right,1,1,train
712,712_right,0,1,train
713,713_right,0,1,train
714,714_right,0,1,test
715,715_right,1,1,train
716,716_right,1,1,val
717,717_right,1,1,train
718,718_right,1,1,train
719,719_right,1,1,train
722,722_right,1,1,test
724,724_right,0,1,train
725,725_right,0,1,val
728,728_right,1,1,train
729,729_right,0,1,train
730,730_right,0,1,test
731,731_right,0,1,train
733,733_right,1,1,train
734,734_right,0,1,val
735,735_right,1,1,train
737,737_right,1,1,test
738,738_right,0,1,train
741,741_right,1,1,train
745,745_right,0,1,train
747,747_right,0,1,train
750,750_right,1,1,test
751,751_right,1,1,val
753,753_right,0,1,train
754,754_right,1,1,train
755,755_right,1,1,train
757,757_right,1,1,test
759,759_right,0,1,val
760,760_right,0,1,train
761,761_right,1,1,val
764,764_right,1,1,train
765,765_right,0,1,test
766,766_right,1,1,train
768,768_right,1,1,train
769,769_right,0,1,train
770,770_right,0,1,val
771,771_right,1,1,test
774,774_right,1,1,train
775,775_right,0,1,train
776,776_right,0,1,train
777,777_right,1,1,train
778,778_right,0,1,val
779,779_right,1,1,test
780,780_right,1,1,train
781,781_right,0,1,train
782,782_right,0,1,train
783,783_right,1,1,train
785,785_right,1,1,test
786,786_right,0,1,val
787,787_right,1,1,train
788,788_right,1,1,train
791,791_right,0,1,train
792,792_right,1,1,train
793,793_right,1,1,test
794,794_right,0,1,test
795,795_right,1,1,train
799,799_right,0,1,val
800,800_right,1,1,train
801,801_right,1,1,train
803,803_right,1,1,train
806,806_right,1,1,test
807,807_right,1,1,train
808,808_right,0,1,train
809,809_right,1,1,val
810,810_right,0,1,train
811,811_right,0,1,train
813,813_right,0,1,test
814,814_right,1,1,train
815,815_right,0,1,train
817,817_right,1,1,val
818,818_right,0,1,train
819,819_right,1,1,test
820,820_right,0,1,train
821,821_right,1,1,train
822,822_right,1,1,train
825,825_right,0,1,val
827,827_right,1,1,test
828,828_right,1,1,train
830,830_right,1,1,train
831,831_right,0,1,train
833,833_right,1,1,train
835,835_right,0,1,test
837,837_right,1,1,val
839,839_right,0,1,train
842,842_right,0,1,train
843,843_right,0,1,train
844,844_right,1,1,train
845,845_right,1,1,test
846,846_right,1,1,val
847,847_right,0,1,train
848,848_right,0,1,train
849,849_right,1,1,train
850,850_right,0,1,test
852,852_right,0,1,train
855,855_right,0,1,val
856,856_right,1,1,train
857,857_right,0,1,train
858,858_right,0,1,train
859,859_right,1,1,test
861,861_right,1,1,train
862,862_right,0,1,val
863,863_right,0,1,train
864,864_right,1,1,train
866,866_right,0,1,test
867,867_right,1,1,train
868,868_right,1,1,train
873,873_right,0,1,val
874,874_right,1,1,train
875,875_right,1,1,train
876,876_right,1,1,test
878,878_right,0,1,train
885,885_right,0,1,train
886,886_right,1,1,val
889,889_right,1,1,train
890,890_right,1,1,test
891,891_right,0,1,train
895,895_right,1,1,train
896,896_right,1,1,train
897,897_right,1,1,val
898,898_right,0,1,test
900,900_right,1,1,train
901,901_right,1,1,train
904,904_right,1,1,test
906,906_right,0,1,train
907,907_right,0,1,train
908,908_right,0,1,test
909,909_right,1,1,val
910,910_right,0,1,train
912,912_right,1,1,train
914,914_right,1,1,train
915,915_right,1,1,test
916,916_right,1,1,train
917,917_right,0,1,val
918,918_right,1,1,train
919,919_right,1,1,train
920,920_right,1,1,test
921,921_right,1,1,train
922,922_right,0,1,train
001,001_left,1,2,train
002,002_left,1,2,train
004,004_left,1,2,val
005,005_left,0,2,train
007,007_left,1,2,train
008,008_left,0,2,train
009,009_left,0,2,train
010,010_left,1,2,test
012,012_left,0,2,val
013,013_left,1,2,val
014,014_left,0,2,train
015,015_left,0,2,train
017,017_left,1,2,test
018,018_left,0,2,train
019,019_left,1,2,train
020,020_left,0,2,val
021,021_left,1,2,train
023,023_left,1,2,test
024,024_left,1,2,train
025,025_left,1,2,train
026,026_left,0,2,train
027,027_left,0,2,train
028,028_left,1,2,test
029,029_left,0,2,train
031,031_left,0,2,val
033,033_left,1,2,train
036,036_left,0,2,train
037,037_left,1,2,test
038,038_left,0,2,train
039,039_left,1,2,val
041,041_left,1,2,train
042,042_left,0,2,train
043,043_left,1,2,train
044,044_left,1,2,test
046,046_left,1,2,train
047,047_left,1,2,val
048,048_left,1,2,train
049,049_left,0,2,train
050,050_left,1,2,test
051,051_left,0,2,train
052,052_left,1,2,test
053,053_left,1,2,train
056,056_left,1,2,val
057,057_left,0,2,train
058,058_left,1,2,test
059,059_left,1,2,train
061,061_left,1,2,train
063,063_left,0,2,train
064,064_left,1,2,train
065,065_left,1,2,test
066,066_left,1,2,val
067,067_left,1,2,train
071,071_left,0,2,train
073,073_left,1,2,train
075,075_left,1,2,test
076,076_left,0,2,val
079,079_left,0,2,train
080,080_left,0,2,train
081,081_left,0,2,train
082,082_left,0,2,train
083,083_left,1,2,test
084,084_left,0,2,val
085,085_left,0,2,train
086,086_left,0,2,test
087,087_left,1,2,train
088,088_left,1,2,train
089,089_left,0,2,train
090,090_left,0,2,val
093,093_left,1,2,train
094,094_left,0,2,train
095,095_left,1,2,test
097,097_left,0,2,train
098,098_left,1,2,train
100,100_left,1,2,val
102,102_left,0,2,train
103,103_left,0,2,test
104,104_left,0,2,train
106,106_left,0,2,train
108,108_left,0,2,train
109,109_left,1,2,val
110,110_left,0,2,test
111,111_left,1,2,train
114,114_left,0,2,train
116,116_left,0,2,train
117,117_left,1,2,train
118,118_left,0,2,test
120,120_left,0,2,train
122,122_left,1,2,val
124,124_left,1,2,train
125,125_left,1,2,train
126,126_left,1,2,test
128,128_left,0,2,train
130,130_left,1,2,train
131,131_left,1,2,train
132,132_left,1,2,val
137,137_left,1,2,test
138,138_left,0,2,train
139,139_left,0,2,train
141,141_left,1,2,train
142,142_left,1,2,train
143,143_left,0,2,test
144,144_left,0,2,train
145,145_left,0,2,val
151,151_left,1,2,val
153,153_left,0,2,train
154,154_left,0,2,test
155,155_left,0,2,train
156,156_left,0,2,train
157,157_left,0,2,train
158,158_left,1,2,train
159,159_left,0,2,test
161,161_left,0,2,val
162,162_left,0,2,train
164,164_left,1,2,train
167,167_left,0,2,train
168,168_left,1,2,test
169,169_left,1,2,train
172,172_left,1,2,val
173,173_left,0,2,train
177,177_left,1,2,train
178,178_left,0,2,test
179,179_left,0,2,train
180,180_left,0,2,train
181,181_left,1,2,val
182,182_left,1,2,train
183,183_left,1,2,test
185,185_left,1,2,train
187,187_left,0,2,train
188,188_left,0,2,train
189,189_left,0,2,val
191,191_left,1,2,train
192,192_left,0,2,test
193,193_left,0,2,train
194,194_left,0,2,train
195,195_left,1,2,train
196,196_left,0,2,train
197,197_left,1,2,test
198,198_left,1,2,val
199,199_left,0,2,train
200,200_left,0,2,train
201,201_left,0,2,train
202,202_left,1,2,test
203,203_left,1,2,train
204,204_left,0,2,val
205,205_left,0,2,test
206,206_left,1,2,train
207,207_left,0,2,train
208,208_left,0,2,test
209,209_left,0,2,train
210,210_left,1,2,train
212,212_left,0,2,train
213,213_left,1,2,val
215,215_left,1,2,test
220,220_left,1,2,train
221,221_left,0,2,train
222,222_left,1,2,train
223,223_left,1,2,train
225,225_left,0,2,test
226,226_left,1,2,val
227,227_left,1,2,train
230,230_left,0,2,train
231,231_left,1,2,train
233,233_left,0,2,test
234,234_left,0,2,train
237,237_left,1,2,val
238,238_left,0,2,train
239,239_left,0,2,train
240,240_left,0,2,train
243,243_left,1,2,test
245,245_left,0,2,train
246,246_left,0,2,val
247,247_left,1,2,train
248,248_left,0,2,train
250,250_left,0,2,test
251,251_left,1,2,train
252,252_left,1,2,train
253,253_left,0,2,val
255,255_left,0,2,train
256,256_left,1,2,test
257,257_left,1,2,train
258,258_left,1,2,train
259,259_left,0,2,train
260,260_left,0,2,val
262,262_left,1,2,test
263,263_left,0,2,train
264,264_left,0,2,train
267,267_left,1,2,train
268,268_left,0,2,train
270,270_left,1,2,test
272,272_left,1,2,train
273,273_left,1,2,val
274,274_left,0,2,train
275,275_left,0,2,train
276,276_left,1,2,train
277,277_left,1,2,train
278,278_left,0,2,test
279,279_left,1,2,val
282,282_left,0,2,train
283,283_left,1,2,train
284,284_left,1,2,train
285,285_left,1,2,test
286,286_left,1,2,train
287,287_left,1,2,val
288,288_left,0,2,train
289,289_left,0,2,train
290,290_left,1,2,test
293,293_left,1,2,train
295,295_left,0,2,train
297,297_left,1,2,val
298,298_left,1,2,train
299,299_left,0,2,test
300,300_left,1,2,train
302,302_left,0,2,train
305,305_left,1,2,train
307,307_left,1,2,val
308,308_left,1,2,test
309,309_left,0,2,train
311,311_left,1,2,val
312,312_left,0,2,train
313,313_left,1,2,train
314,314_left,1,2,test
315,315_left,1,2,train
316,316_left,1,2,train
317,317_left,1,2,val
318,318_left,0,2,train
322,322_left,1,2,test
323,323_left,0,2,train
324,324_left,0,2,train
326,326_left,0,2,train
327,327_left,0,2,val
328,328_left,1,2,train
329,329_left,1,2,test
330,330_left,1,2,train
331,331_left,1,2,train
332,332_left,0,2,train
334,334_left,1,2,val
337,337_left,1,2,test
339,339_left,0,2,train
340,340_left,1,2,train
341,341_left,0,2,train
342,342_left,0,2,train
344,344_left,0,2,test
346,346_left,0,2,val
347,347_left,0,2,train
348,348_left,1,2,train
349,349_left,1,2,train
350,350_left,1,2,test
351,351_left,0,2,train
352,352_left,0,2,val
353,353_left,1,2,train
354,354_left,1,2,train
355,355_left,1,2,test
356,356_left,1,2,train
359,359_left,0,2,train
362,362_left,1,2,train
363,363_left,1,2,val
364,364_left,1,2,train
366,366_left,1,2,test
367,367_left,1,2,train
368,368_left,1,2,train
370,370_left,1,2,train
371,371_left,0,2,val
372,372_left,1,2,test
374,374_left,1,2,train
375,375_left,1,2,train
377,377_left,1,2,train
379,379_left,1,2,train
380,380_left,1,2,test
382,382_left,0,2,val
383,383_left,0,2,train
385,385_left,1,2,train
386,386_left,1,2,train
387,387_left,0,2,test
388,388_left,1,2,train
389,389_left,1,2,val
391,391_left,0,2,train
392,392_left,0,2,train
393,393_left,1,2,test
395,395_left,0,2,train
397,397_left,1,2,train
398,398_left,0,2,train
401,401_left,1,2,val
403,403_left,1,2,test
404,404_left,0,2,train
405,405_left,1,2,train
406,406_left,0,2,train
407,407_left,1,2,train
410,410_left,1,2,test
411,411_left,0,2,val
412,412_left,0,2,train
413,413_left,1,2,train
414,414_left,0,2,train
415,415_left,0,2,test
416,416_left,0,2,train
417,417_left,1,2,val
418,418_left,1,2,train
420,420_left,0,2,train
421,421_left,0,2,train
422,422_left,1,2,train
426,426_left,0,2,test
427,427_left,1,2,test
428,428_left,1,2,val
429,429_left,0,2,train
430,430_left,0,2,train
431,431_left,1,2,train
432,432_left,0,2,test
433,433_left,1,2,train
434,434_left,1,2,val
436,436_left,1,2,train
437,437_left,0,2,train
438,438_left,0,2,train
439,439_left,1,2,test
443,443_left,1,2,train
444,444_left,0,2,val
445,445_left,0,2,train
446,446_left,0,2,train
447,447_left,0,2,test
449,449_left,1,2,train
450,450_left,1,2,train
451,451_left,1,2,val
453,453_left,0,2,train
454,454_left,0,2,test
455,455_left,1,2,train
456,456_left,0,2,train
457,457_left,1,2,train
458,458_left,1,2,train
459,459_left,0,2,val
462,462_left,0,2,test
463,463_left,0,2,train
465,465_left,1,2,train
466,466_left,0,2,train
468,468_left,0,2,val
470,470_left,0,2,test
472,472_left,1,2,train
474,474_left,0,2,train
476,476_left,1,2,train
477,477_left,0,2,train
478,478_left,1,2,val
479,479_left,1,2,test
480,480_left,1,2,train
481,481_left,1,2,train
482,482_left,0,2,train
483,483_left,0,2,train
484,484_left,0,2,test
486,486_left,0,2,val
489,489_left,1,2,train
490,490_left,1,2,train
491,491_left,0,2,train
492,492_left,0,2,test
493,493_left,0,2,train
494,494_left,0,2,val
495,495_left,1,2,train
496,496_left,1,2,train
497,497_left,0,2,test
498,498_left,0,2,train
500,500_left,0,2,train
501,501_left,0,2,train
502,502_left,0,2,val
503,503_left,1,2,test
505,505_left,1,2,train
507,507_left,1,2,train
508,508_left,0,2,train
509,509_left,0,2,train
510,510_left,0,2,test
511,511_left,0,2,train
512,512_left,0,2,val
513,513_left,1,2,train
514,514_left,0,2,train
515,515_left,0,2,test
516,516_left,0,2,train
521,521_left,1,2,train
522,522_left,1,2,val
523,523_left,1,2,train
524,524_left,0,2,test
525,525_left,1,2,train
526,526_left,1,2,train
527,527_left,0,2,train
528,528_left,1,2,val
531,531_left,1,2,test
533,533_left,1,2,train
534,534_left,1,2,train
535,535_left,1,2,train
536,536_left,0,2,train
537,537_left,1,2,test
538,538_left,0,2,val
539,539_left,0,2,train
540,540_left,1,2,train
541,541_left,1,2,train
543,543_left,0,2,test
546,546_left,0,2,train
548,548_left,1,2,val
549,549_left,1,2,train
550,550_left,0,2,val
551,551_left,1,2,test
552,552_left,1,2,train
553,553_left,0,2,train
554,554_left,1,2,train
555,555_left,0,2,train
557,557_left,1,2,test
558,558_left,1,2,val
559,559_left,0,2,train
561,561_left,1,2,train
562,562_left,1,2,train
563,563_left,0,2,test
564,564_left,1,2,train
565,565_left,0,2,val
566,566_left,0,2,train
567,567_left,0,2,train
568,568_left,1,2,test
569,569_left,1,2,train
571,571_left,1,2,train
572,572_left,0,2,val
573,573_left,0,2,train
574,574_left,1,2,test
575,575_left,0,2,train
576,576_left,0,2,train
577,577_left,1,2,train
579,579_left,1,2,val
580,580_left,0,2,train
581,581_left,1,2,test
582,582_left,1,2,train
583,583_left,0,2,train
586,586_left,0,2,train
587,587_left,0,2,train
588,588_left,1,2,test
589,589_left,1,2,val
590,590_left,1,2,train
591,591_left,0,2,train
595,595_left,1,2,train
596,596_left,1,2,test
598,598_left,1,2,train
601,601_left,1,2,val
602,602_left,0,2,train
603,603_left,1,2,train
604,604_left,1,2,test
605,605_left,0,2,train
606,606_left,1,2,train
607,607_left,0,2,val
608,608_left,1,2,train
610,610_left,1,2,test
611,611_left,1,2,train
612,612_left,1,2,train
613,613_left,1,2,train
614,614_left,1,2,val
615,615_left,1,2,test
617,617_left,1,2,train
618,618_left,0,2,train
619,619_left,0,2,train
620,620_left,0,2,train
621,621_left,0,2,test
622,622_left,1,2,val
624,624_left,0,2,train
626,626_left,1,2,train
627,627_left,0,2,train
628,628_left,0,2,test
629,629_left,0,2,train
630,630_left,0,2,val
631,631_left,1,2,train
632,632_left,1,2,train
633,633_left,0,2,test
634,634_left,1,2,train
637,637_left,0,2,train
638,638_left,0,2,val
639,639_left,1,2,train
641,641_left,0,2,test
642,642_left,0,2,train
644,644_left,0,2,train
645,645_left,0,2,train
647,647_left,0,2,val
654,654_left,1,2,test
655,655_left,0,2,train
656,656_left,1,2,train
657,657_left,1,2,train
658,658_left,0,2,train
659,659_left,0,2,test
660,660_left,0,2,val
662,662_left,0,2,train
663,663_left,1,2,train
664,664_left,1,2,train
665,665_left,1,2,test
667,667_left,0,2,train
668,668_left,0,2,val
669,669_left,1,2,train
671,671_left,1,2,train
676,676_left,1,2,test
677,677_left,1,2,train
679,679_left,1,2,train
680,680_left,1,2,val
681,681_left,0,2,train
683,683_left,1,2,test
684,684_left,0,2,train
685,685_left,0,2,train
686,686_left,0,2,train
687,687_left,1,2,val
688,688_left,1,2,test
690,690_left,0,2,train
693,693_left,0,2,train
694,694_left,0,2,train
695,695_left,1,2,train
696,696_left,1,2,test
697,697_left,0,2,val
698,698_left,0,2,train
700,700_left,1,2,train
701,701_left,0,2,train
702,702_left,0,2,test
703,703_left,1,2,train
704,704_left,0,2,val
707,707_left,0,2,train
708,708_left,0,2,train
709,709_left,0,2,test
711,711_left,0,2,train
712,712_left,1,2,train
713,713_left,1,2,val
714,714_left,1,2,train
715,715_left,0,2,test
716,716_left,0,2,train
717,717_left,0,2,train
718,718_left,1,2,train
719,719_left,0,2,test
722,722_left,0,2,val
724,724_left,1,2,test
725,725_left,1,2,train
728,728_left,0,2,train
729,729_left,1,2,train
730,730_left,1,2,train
731,731_left,1,2,test
733,733_left,0,2,val
734,734_left,1,2,train
735,735_left,0,2,train
737,737_left,0,2,train
738,738_left,1,2,test
741,741_left,1,2,train
745,745_left,1,2,val
747,747_left,1,2,train
750,750_left,0,2,train
751,751_left,0,2,test
753,753_left,1,2,train
754,754_left,0,2,train
755,755_left,0,2,val
757,757_left,0,2,train
759,759_left,1,2,test
760,760_left,1,2,train
761,761_left,0,2,train
764,764_left,0,2,train
765,765_left,1,2,train
766,766_left,0,2,test
768,768_left,0,2,val
769,769_left,1,2,train
770,770_left,1,2,train
771,771_left,0,2,train
774,774_left,0,2,train
775,775_left,1,2,test
776,776_left,1,2,val
777,777_left,0,2,train
778,778_left,1,2,train
779,779_left,0,2,train
780,780_left,0,2,test
781,781_left,1,2,train
782,782_left,1,2,val
783,783_left,0,2,train
785,785_left,0,2,train
786,786_left,1,2,test
787,787_left,0,2,train
788,788_left,0,2,train
791,791_left,1,2,train
792,792_left,0,2,val
793,793_left,0,2,train
794,794_left,1,2,train
795,795_left,0,2,test
799,799_left,1,2,train
800,800_left,0,2,train
801,801_left,1,2,val
803,803_left,0,2,train
806,806_left,0,2,train
807,807_left,0,2,test
808,808_left,1,2,train
809,809_left,0,2,train
810,810_left,1,2,test
811,811_left,1,2,val
813,813_left,1,2,val
814,814_left,0,2,test
815,815_left,1,2,train
817,817_left,0,2,train
818,818_left,1,2,train
819,819_left,0,2,train
820,820_left,1,2,test
821,821_left,1,2,train
822,822_left,0,2,val
825,825_left,1,2,train
827,827_left,0,2,train
828,828_left,0,2,test
830,830_left,0,2,train
831,831_left,1,2,train
833,833_left,0,2,train
835,835_left,1,2,val
837,837_left,0,2,test
839,839_left,1,2,train
842,842_left,1,2,train
843,843_left,1,2,train
844,844_left,0,2,train
845,845_left,0,2,val
846,846_left,0,2,test
847,847_left,1,2,train
848,848_left,1,2,train
849,849_left,0,2,train
850,850_left,1,2,train
852,852_left,1,2,val
855,855_left,1,2,test
856,856_left,0,2,train
857,857_left,1,2,train
858,858_left,1,2,train
859,859_left,0,2,train
861,861_left,0,2,test
862,862_left,1,2,val
863,863_left,1,2,train
864,864_left,0,2,train
866,866_left,1,2,train
867,867_left,0,2,test
868,868_left,0,2,train
873,873_left,1,2,val
874,874_left,0,2,test
875,875_left,0,2,train
876,876_left,0,2,train
878,878_left,1,2,test
885,885_left,1,2,train
886,886_left,0,2,train
889,889_left,0,2,val
890,890_left,0,2,train
891,891_left,1,2,test
895,895_left,0,2,train
896,896_left,0,2,train
897,897_left,0,2,train
898,898_left,1,2,val
900,900_left,0,2,test
901,901_left,0,2,train
904,904_left,0,2,train
906,906_left,1,2,train
907,907_left,1,2,train
908,908_left,1,2,val
909,909_left,0,2,test
910,910_left,1,2,train
912,912_left,0,2,train
914,914_left,0,2,train
915,915_left,0,2,train
916,916_left,0,2,test
917,917_left,1,2,val
918,918_left,0,2,train
919,919_left,0,2,train
920,920_left,1,2,train
921,921_left,0,2,test
922,922_left,1,2,train
001,001_right,0,2,train
002,002_right,0,2,train
004,004_right,0,2,val
005,005_right,1,2,train
007,007_right,0,2,train
008,008_right,1,2,train
009,009_right,1,2,train
010,010_right,0,2,test
012,012_right,1,2,val
013,013_right,0,2,val
014,014_right,1,2,train
015,015_right,1,2,train
017,017_right,0,2,test
018,018_right,1,2,train
019,019_right,0,2,train
020,020_right,1,2,val
021,021_right,0,2,train
023,023_right,0,2,test
024,024_right,0,2,train
025,025_right,0,2,train
026,026_right,1,2,train
027,027_right,1,2,train
028,028_right,0,2,test
029,029_right,1,2,train
031,031_right,1,2,val
033,033_right,0,2,train
036,036_right,1,2,train
037,037_right,0,2,test
038,038_right,1,2,train
039,039_right,0,2,val
041,041_right,0,2,train
042,042_right,1,2,train
043,043_right,1,2,train
044,044_right,0,2,test
046,046_right,1,2,train
047,047_right,0,2,val
048,048_right,0,2,train
049,049_right,1,2,train
050,050_right,1,2,test
051,051_right,1,2,train
052,052_right,0,2,test
053,053_right,0,2,train
056,056_right,1,2,val
057,057_right,1,2,train
058,058_right,0,2,test
059,059_right,0,2,train
061,061_right,0,2,train
063,063_right,1,2,train
064,064_right,0,2,train
065,065_right,0,2,test
066,066_right,0,2,val
067,067_right,0,2,train
071,071_right,1,2,train
073,073_right,0,2,train
075,075_right,0,2,test
076,076_right,1,2,val
079,079_right,1,2,train
080,080_right,1,2,train
081,081_right,1,2,train
082,082_right,1,2,train
083,083_right,0,2,test
084,084_right,1,2,val
085,085_right,1,2,train
086,086_right,1,2,test
087,087_right,0,2,train
088,088_right,0,2,train
089,089_right,1,2,train
090,090_right,1,2,val
093,093_right,0,2,train
094,094_right,1,2,train
095,095_right,0,2,test
097,097_right,1,2,train
098,098_right,0,2,train
100,100_right,0,2,val
102,102_right,1,2,train
103,103_right,1,2,test
104,104_right,1,2,train
106,106_right,1,2,train
108,108_right,1,2,train
109,109_right,0,2,val
110,110_right,1,2,test
111,111_right,0,2,train
114,114_right,1,2,train
116,116_right,1,2,train
117,117_right,0,2,train
118,118_right,1,2,test
120,120_right,1,2,train
122,122_right,0,2,val
124,124_right,0,2,train
125,125_right,0,2,train
126,126_right,0,2,test
128,128_right,1,2,train
130,130_right,0,2,train
131,131_right,0,2,train
132,132_right,0,2,val
137,137_right,0,2,test
138,138_right,1,2,train
139,139_right,1,2,train
141,141_right,1,2,train
142,142_right,0,2,train
143,143_right,1,2,test
144,144_right,1,2,train
145,145_right,1,2,val
151,151_right,0,2,val
153,153_right,1,2,train
154,154_right,1,2,test
155,155_right,1,2,train
156,156_right,1,2,train
157,157_right,1,2,train
158,158_right,0,2,train
159,159_right,1,2,test
161,161_right,1,2,val
162,162_right,1,2,train
164,164_right,0,2,train
167,167_right,1,2,train
168,168_right,0,2,test
169,169_right,0,2,train
172,172_right,0,2,val
173,173_right,1,2,train
177,177_right,0,2,train
178,178_right,1,2,test
179,179_right,1,2,train
180,180_right,1,2,train
181,181_right,0,2,val
182,182_right,0,2,train
183,183_right,0,2,test
185,185_right,0,2,train
187,187_right,1,2,train
188,188_right,1,2,train
189,189_right,1,2,val
191,191_right,0,2,train
192,192_right,1,2,test
193,193_right,1,2,train
194,194_right,1,2,train
195,195_right,0,2,train
196,196_right,1,2,train
197,197_right,0,2,test
198,198_right,0,2,val
199,199_right,1,2,train
200,200_right,1,2,train
201,201_right,1,2,train
202,202_right,0,2,test
203,203_right,0,2,train
204,204_right,1,2,val
205,205_right,1,2,test
206,206_right,0,2,train
207,207_right,1,2,train
208,208_right,1,2,test
209,209_right,1,2,train
210,210_right,0,2,train
212,212_right,1,2,train
213,213_right,0,2,val
215,215_right,0,2,test
220,220_right,0,2,train
221,221_right,1,2,train
222,222_right,0,2,train
223,223_right,0,2,train
225,225_right,1,2,test
226,226_right,0,2,val
227,227_right,0,2,train
230,230_right,1,2,train
231,231_right,0,2,train
233,233_right,1,2,test
234,234_right,1,2,train
237,237_right,0,2,val
238,238_right,1,2,train
239,239_right,1,2,train
240,240_right,1,2,train
243,243_right,0,2,test
245,245_right,1,2,train
246,246_right,1,2,val
247,247_right,0,2,train
248,248_right,1,2,train
250,250_right,1,2,test
251,251_right,1,2,train
252,252_right,0,2,train
253,253_right,1,2,val
255,255_right,1,2,train
256,256_right,0,2,test
257,257_right,0,2,train
258,258_right,0,2,train
259,259_right,1,2,train
260,260_right,1,2,val
262,262_right,0,2,test
263,263_right,1,2,train
264,264_right,1,2,train
267,267_right,0,2,train
268,268_right,1,2,train
270,270_right,0,2,test
272,272_right,0,2,train
273,273_right,0,2,val
274,274_right,1,2,train
275,275_right,1,2,train
276,276_right,0,2,train
277,277_right,0,2,train
278,278_right,1,2,test
279,279_right,0,2,val
282,282_right,1,2,train
283,283_right,0,2,train
284,284_right,0,2,train
285,285_right,0,2,test
286,286_right,0,2,train
287,287_right,0,2,val
288,288_right,1,2,train
289,289_right,1,2,train
290,290_right,1,2,test
293,293_right,0,2,train
295,295_right,1,2,train
297,297_right,1,2,val
298,298_right,0,2,train
299,299_right,1,2,test
300,300_right,0,2,train
302,302_right,1,2,train
305,305_right,0,2,train
307,307_right,0,2,val
308,308_right,0,2,test
309,309_right,1,2,train
311,311_right,0,2,val
312,312_right,1,2,train
313,313_right,0,2,train
314,314_right,0,2,test
315,315_right,0,2,train
316,316_right,0,2,train
317,317_right,0,2,val
318,318_right,1,2,train
322,322_right,0,2,test
323,323_right,1,2,train
324,324_right,1,2,train
326,326_right,1,2,train
327,327_right,1,2,val
328,328_right,0,2,train
329,329_right,0,2,test
330,330_right,0,2,train
331,331_right,0,2,train
332,332_right,1,2,train
334,334_right,0,2,val
337,337_right,0,2,test
339,339_right,1,2,train
340,340_right,0,2,train
341,341_right,1,2,train
342,342_right,1,2,train
344,344_right,1,2,test
346,346_right,1,2,val
347,347_right,1,2,train
348,348_right,1,2,train
349,349_right,0,2,train
350,350_right,0,2,test
351,351_right,1,2,train
352,352_right,1,2,val
353,353_right,0,2,train
354,354_right,0,2,train
355,355_right,0,2,test
356,356_right,0,2,train
359,359_right,1,2,train
362,362_right,0,2,train
363,363_right,0,2,val
364,364_right,1,2,train
366,366_right,0,2,test
367,367_right,0,2,train
368,368_right,0,2,train
370,370_right,0,2,train
371,371_right,1,2,val
372,372_right,0,2,test
374,374_right,0,2,train
375,375_right,1,2,train
377,377_right,0,2,train
379,379_right,0,2,train
380,380_right,0,2,test
382,382_right,1,2,val
383,383_right,1,2,train
385,385_right,0,2,train
386,386_right,0,2,train
387,387_right,1,2,test
388,388_right,0,2,train
389,389_right,0,2,val
391,391_right,1,2,train
392,392_right,1,2,train
393,393_right,0,2,test
395,395_right,1,2,train
397,397_right,0,2,train
398,398_right,1,2,train
401,401_right,0,2,val
403,403_right,0,2,test
404,404_right,1,2,train
405,405_right,0,2,train
406,406_right,1,2,train
407,407_right,0,2,train
410,410_right,0,2,test
411,411_right,1,2,val
412,412_right,1,2,train
413,413_right,0,2,train
414,414_right,1,2,train
415,415_right,1,2,test
416,416_right,1,2,train
417,417_right,1,2,val
418,418_right,0,2,train
420,420_right,1,2,train
421,421_right,1,2,train
422,422_right,0,2,train
426,426_right,1,2,test
427,427_right,0,2,test
428,428_right,0,2,val
429,429_right,1,2,train
430,430_right,1,2,train
431,431_right,1,2,train
432,432_right,1,2,test
433,433_right,1,2,train
434,434_right,0,2,val
436,436_right,1,2,train
437,437_right,1,2,train
438,438_right,1,2,train
439,439_right,0,2,test
443,443_right,0,2,train
444,444_right,1,2,val
445,445_right,1,2,train
446,446_right,1,2,train
447,447_right,1,2,test
449,449_right,0,2,train
450,450_right,0,2,train
451,451_right,0,2,val
453,453_right,1,2,train
454,454_right,1,2,test
455,455_right,0,2,train
456,456_right,1,2,train
457,457_right,0,2,train
458,458_right,0,2,train
459,459_right,1,2,val
462,462_right,1,2,test
463,463_right,1,2,train
465,465_right,0,2,train
466,466_right,1,2,train
468,468_right,1,2,val
470,470_right,1,2,test
472,472_right,0,2,train
474,474_right,1,2,train
476,476_right,0,2,train
477,477_right,1,2,train
478,478_right,0,2,val
479,479_right,0,2,test
480,480_right,0,2,train
481,481_right,0,2,train
482,482_right,1,2,train
483,483_right,1,2,train
484,484_right,1,2,test
486,486_right,1,2,val
489,489_right,0,2,train
490,490_right,0,2,train
491,491_right,1,2,train
492,492_right,1,2,test
493,493_right,1,2,train
494,494_right,1,2,val
495,495_right,0,2,train
496,496_right,0,2,train
497,497_right,1,2,test
498,498_right,1,2,train
500,500_right,1,2,train
501,501_right,1,2,train
502,502_right,1,2,val
503,503_right,0,2,test
505,505_right,0,2,train
507,507_right,0,2,train
508,508_right,1,2,train
509,509_right,1,2,train
510,510_right,1,2,test
511,511_right,1,2,train
512,512_right,1,2,val
513,513_right,0,2,train
514,514_right,1,2,train
515,515_right,1,2,test
516,516_right,1,2,train
521,521_right,0,2,train
522,522_right,0,2,val
523,523_right,0,2,train
524,524_right,1,2,test
525,525_right,0,2,train
526,526_right,0,2,train
527,527_right,1,2,train
528,528_right,0,2,val
531,531_right,0,2,test
533,533_right,0,2,train
534,534_right,0,2,train
535,535_right,0,2,train
536,536_right,1,2,train
537,537_right,1,2,test
538,538_right,1,2,val
539,539_right,1,2,train
540,540_right,1,2,train
541,541_right,0,2,train
543,543_right,1,2,test
546,546_right,1,2,train
548,548_right,0,2,val
549,549_right,0,2,train
550,550_right,1,2,val
551,551_right,0,2,test
552,552_right,0,2,train
553,553_right,1,2,train
554,554_right,0,2,train
555,555_right,1,2,train
557,557_right,0,2,test
558,558_right,0,2,val
559,559_right,1,2,train
561,561_right,0,2,train
562,562_right,0,2,train
563,563_right,1,2,test
564,564_right,1,2,train
565,565_right,1,2,val
566,566_right,1,2,train
567,567_right,1,2,train
568,568_right,0,2,test
569,569_right,0,2,train
571,571_right,0,2,train
572,572_right,1,2,val
573,573_right,1,2,train
574,574_right,0,2,test
575,575_right,1,2,train
576,576_right,1,2,train
577,577_right,0,2,train
579,579_right,0,2,val
580,580_right,1,2,train
581,581_right,0,2,test
582,582_right,0,2,train
583,583_right,1,2,train
586,586_right,1,2,train
587,587_right,1,2,train
588,588_right,0,2,test
589,589_right,0,2,val
590,590_right,0,2,train
591,591_right,1,2,train
595,595_right,0,2,train
596,596_right,0,2,test
598,598_right,1,2,train
601,601_right,0,2,val
602,602_right,1,2,train
603,603_right,0,2,train
604,604_right,0,2,test
605,605_right,1,2,train
606,606_right,0,2,train
607,607_right,1,2,val
608,608_right,0,2,train
610,610_right,0,2,test
611,611_right,0,2,train
612,612_right,0,2,train
613,613_right,0,2,train
614,614_right,0,2,val
615,615_right,0,2,test
617,617_right,1,2,train
618,618_right,1,2,train
619,619_right,1,2,train
620,620_right,1,2,train
621,621_right,1,2,test
622,622_right,0,2,val
624,624_right,1,2,train
626,626_right,0,2,train
627,627_right,1,2,train
628,628_right,1,2,test
629,629_right,1,2,train
630,630_right,1,2,val
631,631_right,0,2,train
632,632_right,0,2,train
633,633_right,1,2,test
634,634_right,0,2,train
637,637_right,1,2,train
638,638_right,1,2,val
639,639_right,0,2,train
641,641_right,1,2,test
642,642_right,1,2,train
644,644_right,1,2,train
645,645_right,1,2,train
647,647_right,1,2,val
654,654_right,0,2,test
655,655_right,1,2,train
656,656_right,0,2,train
657,657_right,0,2,train
658,658_right,1,2,train
659,659_right,1,2,test
660,660_right,1,2,val
662,662_right,1,2,train
663,663_right,0,2,train
664,664_right,0,2,train
665,665_right,1,2,test
667,667_right,1,2,train
668,668_right,1,2,val
669,669_right,0,2,train
671,671_right,0,2,train
676,676_right,0,2,test
677,677_right,1,2,train
679,679_right,0,2,train
680,680_right,1,2,val
681,681_right,1,2,train
683,683_right,0,2,test
684,684_right,1,2,train
685,685_right,1,2,train
686,686_right,1,2,train
687,687_right,0,2,val
688,688_right,0,2,test
690,690_right,1,2,train
693,693_right,1,2,train
694,694_right,1,2,train
695,695_right,0,2,train
696,696_right,0,2,test
697,697_right,1,2,val
698,698_right,1,2,train
700,700_right,0,2,train
701,701_right,1,2,train
702,702_right,1,2,test
703,703_right,0,2,train
704,704_right,1,2,val
707,707_right,1,2,train
708,708_right,1,2,train
709,709_right,1,2,test
711,711_right,1,2,train
712,712_right,0,2,train
713,713_right,0,2,val
714,714_right,0,2,train
715,715_right,1,2,test
716,716_right,1,2,train
717,717_right,1,2,train
718,718_right,1,2,train
719,719_right,1,2,test
722,722_right,1,2,val
724,724_right,0,2,test
725,725_right,0,2,train
728,728_right,1,2,train
729,729_right,0,2,train
730,730_right,0,2,train
731,731_right,0,2,test
733,733_right,1,2,val
734,734_right,0,2,train
735,735_right,1,2,train
737,737_right,1,2,train
738,738_right,0,2,test
741,741_right,1,2,train
745,745_right,0,2,val
747,747_right,0,2,train
750,750_right,1,2,train
751,751_right,1,2,test
753,753_right,0,2,train
754,754_right,1,2,train
755,755_right,1,2,val
757,757_right,1,2,train
759,759_right,0,2,test
760,760_right,0,2,train
761,761_right,1,2,train
764,764_right,1,2,train
765,765_right,0,2,train
766,766_right,1,2,test
768,768_right,1,2,val
769,769_right,0,2,train
770,770_right,0,2,train
771,771_right,1,2,train
774,774_right,1,2,train
775,775_right,0,2,test
776,776_right,0,2,val
777,777_right,1,2,train
778,778_right,0,2,train
779,779_right,1,2,train
780,780_right,1,2,test
781,781_right,0,2,train
782,782_right,0,2,val
783,783_right,1,2,train
785,785_right,1,2,train
786,786_right,0,2,test
787,787_right,1,2,train
788,788_right,1,2,train
791,791_right,0,2,train
792,792_right,1,2,val
793,793_right,1,2,train
794,794_right,0,2,train
795,795_right,1,2,test
799,799_right,0,2,train
800,800_right,1,2,train
801,801_right,1,2,val
803,803_right,1,2,train
806,806_right,1,2,train
807,807_right,1,2,test
808,808_right,0,2,train
809,809_right,1,2,train
810,810_right,0,2,test
811,811_right,0,2,val
813,813_right,0,2,val
814,814_right,1,2,test
815,815_right,0,2,train
817,817_right,1,2,train
818,818_right,0,2,train
819,819_right,1,2,train
820,820_right,0,2,test
821,821_right,1,2,train
822,822_right,1,2,val
825,825_right,0,2,train
827,827_right,1,2,train
828,828_right,1,2,test
830,830_right,1,2,train
831,831_right,0,2,train
833,833_right,1,2,train
835,835_right,0,2,val
837,837_right,1,2,test
839,839_right,0,2,train
842,842_right,0,2,train
843,843_right,0,2,train
844,844_right,1,2,train
845,845_right,1,2,val
846,846_right,1,2,test
847,847_right,0,2,train
848,848_right,0,2,train
849,849_right,1,2,train
850,850_right,0,2,train
852,852_right,0,2,val
855,855_right,0,2,test
856,856_right,1,2,train
857,857_right,0,2,train
858,858_right,0,2,train
859,859_right,1,2,train
861,861_right,1,2,test
862,862_right,0,2,val
863,863_right,0,2,train
864,864_right,1,2,train
866,866_right,0,2,train
867,867_right,1,2,test
868,868_right,1,2,train
873,873_right,0,2,val
874,874_right,1,2,test
875,875_right,1,2,train
876,876_right,1,2,train
878,878_right,0,2,test
885,885_right,0,2,train
886,886_right,1,2,train
889,889_right,1,2,val
890,890_right,1,2,train
891,891_right,0,2,test
895,895_right,1,2,train
896,896_right,1,2,train
897,897_right,1,2,train
898,898_right,0,2,val
900,900_right,1,2,test
901,901_right,1,2,train
904,904_right,1,2,train
906,906_right,0,2,train
907,907_right,0,2,train
908,908_right,0,2,val
909,909_right,1,2,test
910,910_right,0,2,train
912,912_right,1,2,train
914,914_right,1,2,train
915,915_right,1,2,train
916,916_right,1,2,test
917,917_right,0,2,val
918,918_right,1,2,train
919,919_right,1,2,train
920,920_right,1,2,train
921,921_right,1,2,test
922,922_right,0,2,train
001,001_left,1,3,test
002,002_left,1,3,train
004,004_left,1,3,train
005,005_left,0,3,test
007,007_left,1,3,train
008,008_left,0,3,train
009,009_left,0,3,val
010,010_left,1,3,train
012,012_left,0,3,test
013,013_left,1,3,train
014,014_left,0,3,train
015,015_left,0,3,train
017,017_left,1,3,val
018,018_left,0,3,test
019,019_left,1,3,train
020,020_left,0,3,train
021,021_left,1,3,train
023,023_left,1,3,train
024,024_left,1,3,test
025,025_left,1,3,val
026,026_left,0,3,train
027,027_left,0,3,train
028,028_left,1,3,train
029,029_left,0,3,test
031,031_left,0,3,train
033,033_left,1,3,val
036,036_left,0,3,train
037,037_left,1,3,train
038,038_left,0,3,test
039,039_left,1,3,train
041,041_left,1,3,train
042,042_left,0,3,val
043,043_left,1,3,train
044,044_left,1,3,train
046,046_left,1,3,test
047,047_left,1,3,train
048,048_left,1,3,train
049,049_left,0,3,val
050,050_left,1,3,train
051,051_left,0,3,test
052,052_left,1,3,train
053,053_left,1,3,train
056,056_left,1,3,train
057,057_left,0,3,val
058,058_left,1,3,train
059,059_left,1,3,test
061,061_left,1,3,train
063,063_left,0,3,train
064,064_left,1,3,train
065,065_left,1,3,val
066,066_left,1,3,test
067,067_left,1,3,train
071,071_left,0,3,val
073,073_left,1,3,train
075,075_left,1,3,train
076,076_left,0,3,test
079,079_left,0,3,test
080,080_left,0,3,train
081,081_left,0,3,val
082,082_left,0,3,train
083,083_left,1,3,train
084,084_left,0,3,test
085,085_left,0,3,train
086,086_left,0,3,train
087,087_left,1,3,val
088,088_left,1,3,train
089,089_left,0,3,test
090,090_left,0,3,train
093,093_left,1,3,train
094,094_left,0,3,train
095,095_left,1,3,val
097,097_left,0,3,test
098,098_left,1,3,train
100,100_left,1,3,train
102,102_left,0,3,train
103,103_left,0,3,train
104,104_left,0,3,test
106,106_left,0,3,val
108,108_left,0,3,train
109,109_left,1,3,train
110,110_left,0,3,train
111,111_left,1,3,test
114,114_left,0,3,train
116,116_left,0,3,val
117,117_left,1,3,train
118,118_left,0,3,train
120,120_left,0,3,test
122,122_left,1,3,train
124,124_left,1,3,train
125,125_left,1,3,val
126,126_left,1,3,train
128,128_left,0,3,test
130,130_left,1,3,train
131,131_left,1,3,train
132,132_left,1,3,train
137,137_left,1,3,train
138,138_left,0,3,test
139,139_left,0,3,val
141,141_left,1,3,train
142,142_left,1,3,train
143,143_left,0,3,train
144,144_left,0,3,test
145,145_left,0,3,train
151,151_left,1,3,val
153,153_left,0,3,train
154,154_left,0,3,train
155,155_left,0,3,test
156,156_left,0,3,train
157,157_left,0,3,train
158,158_left,1,3,val
159,159_left,0,3,train
161,161_left,0,3,test
162,162_left,0,3,train
164,164_left,1,3,train
167,167_left,0,3,train
168,168_left,1,3,val
169,169_left,1,3,train
172,172_left,1,3,test
173,173_left,0,3,train
177,177_left,1,3,train
178,178_left,0,3,train
179,179_left,0,3,test
180,180_left,0,3,val
181,181_left,1,3,train
182,182_left,1,3,train
183,183_left,1,3,train
185,185_left,1,3,test
187,187_left,0,3,train
188,188_left,0,3,val
189,189_left,0,3,train
191,191_left,1,3,train
192,192_left,0,3,train
193,193_left,0,3,train
194,194_left,0,3,test
195,195_left,1,3,val
196,196_left,0,3,train
197,197_left,1,3,train
198,198_left,1,3,test
199,199_left,0,3,train
200,200_left,0,3,train
201,201_left,0,3,val
202,202_left,1,3,train
203,203_left,1,3,test
204,204_left,0,3,train
205,205_left,0,3,train
206,206_left,1,3,train
207,207_left,0,3,train
208,208_left,0,3,val
209,209_left,0,3,test
210,210_left,1,3,train
212,212_left,0,3,train
213,213_left,1,3,train
215,215_left,1,3,train
220,220_left,1,3,val
221,221_left,0,3,test
222,222_left,1,3,train
223,223_left,1,3,train
225,225_left,0,3,train
226,226_left,1,3,test
227,227_left,1,3,train
230,230_left,0,3,train
231,231_left,1,3,val
233,233_left,0,3,train
234,234_left,0,3,test
237,237_left,1,3,train
238,238_left,0,3,train
239,239_left,0,3,train
240,240_left,0,3,val
243,243_left,1,3,train
245,245_left,0,3,train
246,246_left,0,3,test
247,247_left,1,3,train
248,248_left,0,3,train
250,250_left,0,3,train
251,251_left,1,3,val
252,252_left,1,3,test
253,253_left,0,3,train
255,255_left,0,3,train
256,256_left,1,3,train
257,257_left,1,3,test
258,258_left,1,3,train
259,259_left,0,3,train
260,260_left,0,3,val
262,262_left,1,3,train
263,263_left,0,3,train
264,264_left,0,3,test
267,267_left,1,3,train
268,268_left,0,3,val
270,270_left,1,3,train
272,272_left,1,3,test
273,273_left,1,3,train
274,274_left,0,3,test
275,275_left,0,3,train
276,276_left,1,3,train
277,277_left,1,3,val
278,278_left,0,3,train
279,279_left,1,3,test
282,282_left,0,3,train
283,283_left,1,3,train
284,284_left,1,3,train
285,285_left,1,3,val
286,286_left,1,3,train
287,287_left,1,3,test
288,288_left,0,3,train
289,289_left,0,3,train
290,290_left,1,3,train
293,293_left,1,3,test
295,295_left,0,3,val
297,297_left,1,3,train
298,298_left,1,3,train
299,299_left,0,3,train
300,300_left,1,3,test
302,302_left,0,3,train
305,305_left,1,3,val
307,307_left,1,3,train
308,308_left,1,3,train
309,309_left,0,3,test
311,311_left,1,3,train
312,312_left,0,3,train
313,313_left,1,3,val
314,314_left,1,3,train
315,315_left,1,3,test
316,316_left,1,3,train
317,317_left,1,3,train
318,318_left,0,3,train
322,322_left,1,3,val
323,323_left,0,3,test
324,324_left,0,3,train
326,326_left,0,3,train
327,327_left,0,3,train
328,328_left,1,3,train
329,329_left,1,3,val
330,330_left,1,3,test
331,331_left,1,3,train
332,332_left,0,3,train
334,334_left,1,3,train
337,337_left,1,3,train
339,339_left,0,3,test
340,340_left,1,3,val
341,341_left,0,3,train
342,342_left,0,3,train
344,344_left,0,3,train
346,346_left,0,3,test
347,347_left,0,3,train
348,348_left,1,3,train
349,349_left,1,3,val
350,350_left,1,3,train
351,351_left,0,3,test
352,352_left,0,3,train
353,353_left,1,3,train
354,354_left,1,3,val
355,355_left,1,3,train
356,356_left,1,3,test
359,359_left,0,3,train
362,362_left,1,3,train
363,363_left,1,3,train
364,364_left,1,3,val
366,366_left,1,3,train
367,367_left,1,3,test
368,368_left,1,3,train
370,370_left,1,3,train
371,371_left,0,3,train
372,372_left,1,3,val
374,374_left,1,3,test
375,375_left,1,3,train
377,377_left,1,3,train
379,379_left,1,3,train
380,380_left,1,3,train
382,382_left,0,3,val
383,383_left,0,3,test
385,385_left,1,3,train
386,386_left,1,3,train
387,387_left,0,3,train
388,388_left,1,3,test
389,389_left,1,3,train
391,391_left,0,3,val
392,392_left,0,3,train
393,393_left,1,3,train
395,395_left,0,3,test
397,397_left,1,3,train
398,398_left,0,3,train
401,401_left,1,3,val
403,403_left,1,3,train
404,404_left,0,3,test
405,405_left,1,3,train
406,406_left,0,3,train
407,407_left,1,3,train
410,410_left,1,3,val
411,411_left,0,3,test
412,412_left,0,3,train
413,413_left,1,3,train
414,414_left,0,3,train
415,415_left,0,3,train
416,416_left,0,3,train
417,417_left,1,3,test
418,418_left,1,3,test
420,420_left,0,3,val
421,421_left,0,3,train
422,422_left,1,3,train
426,426_left,0,3,train
427,427_left,1,3,val
428,428_left,1,3,test
429,429_left,0,3,train
430,430_left,0,3,val
431,431_left,1,3,train
432,432_left,0,3,train
433,433_left,1,3,test
434,434_left,1,3,train
436,436_left,1,3,train
437,437_left,0,3,val
438,438_left,0,3,train
439,439_left,1,3,train
443,443_left,1,3,test
444,444_left,0,3,train
445,445_left,0,3,train
446,446_left,0,3,val
447,447_left,0,3,train
449,449_left,1,3,test
450,450_left,1,3,train
451,451_left,1,3,train
453,453_left,0,3,train
454,454_left,0,3,val
455,455_left,1,3,train
456,456_left,0,3,train
457,457_left,1,3,test
458,458_left,1,3,train
459,459_left,0,3,train
462,462_left,0,3,val
463,463_left,0,3,test
465,465_left,1,3,train
466,466_left,0,3,train
468,468_left,0,3,train
470,470_left,0,3,train
472,472_left,1,3,test
474,474_left,0,3,train
476,476_left,1,3,test
477,477_left,0,3,val
478,478_left,1,3,train
479,479_left,1,3,train
480,480_left,1,3,test
481,481_left,1,3,train
482,482_left,0,3,train
483,483_left,0,3,val
484,484_left,0,3,train
486,486_left,0,3,test
489,489_left,1,3,train
490,490_left,1,3,train
491,491_left,0,3,train
492,492_left,0,3,val
493,493_left,0,3,test
494,494_left,0,3,train
495,495_left,1,3,train
496,496_left,1,3,train
497,497_left,0,3,train
498,498_left,0,3,test
500,500_left,0,3,train
501,501_left,0,3,val
502,502_left,0,3,train
503,503_left,1,3,train
505,505_left,1,3,test
507,507_left,1,3,train
508,508_left,0,3,train
509,509_left,0,3,val
510,510_left,0,3,train
511,511_left,0,3,test
512,512_left,0,3,train
513,513_left,1,3,train
514,514_left,0,3,train
515,515_left,0,3,val
516,516_left,0,3,test
521,521_left,1,3,train
522,522_left,1,3,train
523,523_left,1,3,train
524,524_left,0,3,train
525,525_left,1,3,test
526,526_left,1,3,val
527,527_left,0,3,train
528,528_left,1,3,train
531,531_left,1,3,train
533,533_left,1,3,test
534,534_left,1,3,train
535,535_left,1,3,train
536,536_left,0,3,val
537,537_left,1,3,train
538,538_left,0,3,test
539,539_left,0,3,train
540,540_left,1,3,train
541,541_left,1,3,train
543,543_left,0,3,val
546,546_left,0,3,test
548,548_left,1,3,train
549,549_left,1,3,train
550,550_left,0,3,train
551,551_left,1,3,train
552,552_left,1,3,test
553,553_left,0,3,val
554,554_left,1,3,train
555,555_left,0,3,train
557,557_left,1,3,train
558,558_left,1,3,test
559,559_left,0,3,train
561,561_left,1,3,val
562,562_left,1,3,train
563,563_left,0,3,train
564,564_left,1,3,test
565,565_left,0,3,train
566,566_left,0,3,train
567,567_left,0,3,val
568,568_left,1,3,train
569,569_left,1,3,test
571,571_left,1,3,train
572,572_left,0,3,train
573,573_left,0,3,train
574,574_left,1,3,val
575,575_left,0,3,test
576,576_left,0,3,train
577,577_left,1,3,train
579,579_left,1,3,train
580,580_left,0,3,train
581,581_left,1,3,val
582,582_left,1,3,test
583,583_left,0,3,train
586,586_left,0,3,train
587,587_left,0,3,train
588,588_left,1,3,train
589,589_left,1,3,test
590,590_left,1,3,train
591,591_left,0,3,val
595,595_left,1,3,train
596,596_left,1,3,train
598,598_left,1,3,test
601,601_left,1,3,train
602,602_left,0,3,train
603,603_left,1,3,val
604,604_left,1,3,train
605,605_left,0,3,test
606,606_left,1,3,train
607,607_left,0,3,train
608,608_left,1,3,train
610,610_left,1,3,val
611,611_left,1,3,test
612,612_left,1,3,train
613,613_left,1,3,train
614,614_left,1,3,train
615,615_left,1,3,train
617,617_left,1,3,test
618,618_left,0,3,val
619,619_left,0,3,val
620,620_left,0,3,train
621,621_left,0,3,train
622,622_left,1,3,test
624,624_left,0,3,train
626,626_left,1,3,train
627,627_left,0,3,val
628,628_left,0,3,train
629,629_left,0,3,test
630,630_left,0,3,train
631,631_left,1,3,train
632,632_left,1,3,train
633,633_left,0,3,train
634,634_left,1,3,test
637,637_left,0,3,val
638,638_left,0,3,train
639,639_left,1,3,train
641,641_left,0,3,train
642,642_left,0,3,test
644,644_left,0,3,train
645,645_left,0,3,val
647,647_left,0,3,train
654,654_left,1,3,train
655,655_left,0,3,test
656,656_left,1,3,train
657,657_left,1,3,train
658,658_left,0,3,val
659,659_left,0,3,train
660,660_left,0,3,test
662,662_left,0,3,train
663,663_left,1,3,train
664,664_left,1,3,train
665,665_left,1,3,val
667,667_left,0,3,test
668,668_left,0,3,train
669,669_left,1,3,train
671,671_left,1,3,train
676,676_left,1,3,train
677,677_left,1,3,test
679,679_left,1,3,val
680,680_left,1,3,train
681,681_left,0,3,train
683,683_left,1,3,train
684,684_left,0,3,test
685,685_left,0,3,train
686,686_left,0,3,val
687,687_left,1,3,train
688,688_left,1,3,train
690,690_left,0,3,test
693,693_left,0,3,train
694,694_left,0,3,train
695,695_left,1,3,val
696,696_left,1,3,train
697,697_left,0,3,test
698,698_left,0,3,train
700,700_left,1,3,train
701,701_left,0,3,train
702,702_left,0,3,val
703,703_left,1,3,test
704,704_left,0,3,train
707,707_left,0,3,train
708,708_left,0,3,train
709,709_left,0,3,train
711,711_left,0,3,test
712,712_left,1,3,val
713,713_left,1,3,train
714,714_left,1,3,train
715,715_left,0,3,train
716,716_left,0,3,test
717,717_left,0,3,train
718,718_left,1,3,val
719,719_left,0,3,train
722,722_left,0,3,train
724,724_left,1,3,train
725,725_left,1,3,test
728,728_left,0,3,train
729,729_left,1,3,train
730,730_left,1,3,val
731,731_left,1,3,train
733,733_left,0,3,test
734,734_left,1,3,train
735,735_left,0,3,train
737,737_left,0,3,train
738,738_left,1,3,val
741,741_left,1,3,test
745,745_left,1,3,train
747,747_left,1,3,train
750,750_left,0,3,train
751,751_left,0,3,train
753,753_left,1,3,test
754,754_left,0,3,val
755,755_left,0,3,train
757,757_left,0,3,train
759,759_left,1,3,train
760,760_left,1,3,test
761,761_left,0,3,train
764,764_left,0,3,val
765,765_left,1,3,train
766,766_left,0,3,train
768,768_left,0,3,test
769,769_left,1,3,train
770,770_left,1,3,train
771,771_left,0,3,val
774,774_left,0,3,train
775,775_left,1,3,train
776,776_left,1,3,test
777,777_left,0,3,train
778,778_left,1,3,train
779,779_left,0,3,val
780,780_left,0,3,train
781,781_left,1,3,test
782,782_left,1,3,train
783,783_left,0,3,train
785,785_left,0,3,train
786,786_left,1,3,val
787,787_left,0,3,test
788,788_left,0,3,train
791,791_left,1,3,train
792,792_left,0,3,train
793,793_left,0,3,train
794,794_left,1,3,val
795,795_left,0,3,train
799,799_left,1,3,test
800,800_left,0,3,train
801,801_left,1,3,test
803,803_left,0,3,train
806,806_left,0,3,train
807,807_left,0,3,train
808,808_left,1,3,test
809,809_left,0,3,val
810,810_left,1,3,train
811,811_left,1,3,train
813,813_left,1,3,train
814,814_left,0,3,train
815,815_left,1,3,test
817,817_left,0,3,val
818,818_left,1,3,train
819,819_left,0,3,train
820,820_left,1,3,train
821,821_left,1,3,test
822,822_left,0,3,train
825,825_left,1,3,val
827,827_left,0,3,train
828,828_left,0,3,train
830,830_left,0,3,test
831,831_left,1,3,train
833,833_left,0,3,train
835,835_left,1,3,train
837,837_left,0,3,val
839,839_left,1,3,test
842,842_left,1,3,train
843,843_left,1,3,train
844,844_left,0,3,train
845,845_left,0,3,train
846,846_left,0,3,val
847,847_left,1,3,test
848,848_left,1,3,train
849,849_left,0,3,train
850,850_left,1,3,train
852,852_left,1,3,train
855,855_left,1,3,val
856,856_left,0,3,test
857,857_left,1,3,train
858,858_left,1,3,train
859,859_left,0,3,train
861,861_left,0,3,train
862,862_left,1,3,test
863,863_left,1,3,val
864,864_left,0,3,train
866,866_left,1,3,train
867,867_left,0,3,train
868,868_left,0,3,test
873,873_left,1,3,train
874,874_left,0,3,val
875,875_left,0,3,train
876,876_left,0,3,train
878,878_left,1,3,train
885,885_left,1,3,test
886,886_left,0,3,train
889,889_left,0,3,val
890,890_left,0,3,train
891,891_left,1,3,train
895,895_left,0,3,test
896,896_left,0,3,val
897,897_left,0,3,train
898,898_left,1,3,train
900,900_left,0,3,train
901,901_left,0,3,test
904,904_left,0,3,val
906,906_left,1,3,train
907,907_left,1,3,train
908,908_left,1,3,train
909,909_left,0,3,train
910,910_left,1,3,test
912,912_left,0,3,val
914,914_left,0,3,train
915,915_left,0,3,train
916,916_left,0,3,train
917,917_left,1,3,test
918,918_left,0,3,train
919,919_left,0,3,val
920,920_left,1,3,train
921,921_left,0,3,train
922,922_left,1,3,test
001,001_right,0,3,test
002,002_right,0,3,train
004,004_right,0,3,train
005,005_right,1,3,test
007,007_right,0,3,train
008,008_right,1,3,train
009,009_right,1,3,val
010,010_right,0,3,train
012,012_right,1,3,test
013,013_right,0,3,train
014,014_right,1,3,train
015,015_right,1,3,train
017,017_right,0,3,val
018,018_right,1,3,test
019,019_right,0,3,train
020,020_right,1,3,train
021,021_right,0,3,train
023,023_right,0,3,train
024,024_right,0,3,test
025,025_right,0,3,val
026,026_right,1,3,train
027,027_right,1,3,train
028,028_right,0,3,train
029,029_right,1,3,test
031,031_right,1,3,train
033,033_right,0,3,val
036,036_right,1,3,train
037,037_right,0,3,train
038,038_right,1,3,test
039,039_right,0,3,train
041,041_right,0,3,train
042,042_right,1,3,val
043,043_right,1,3,train
044,044_right,0,3,train
046,046_right,1,3,test
047,047_right,0,3,train
048,048_right,0,3,train
049,049_right,1,3,val
050,050_right,1,3,train
051,051_right,1,3,test
052,052_right,0,3,train
053,053_right,0,3,train
056,056_right,1,3,train
057,057_right,1,3,val
058,058_right,0,3,train
059,059_right,0,3,test
061,061_right,0,3,train
063,063_right,1,3,train
064,064_right,0,3,train
065,065_right,0,3,val
066,066_right,0,3,test
067,067_right,0,3,train
071,071_right,1,3,val
073,073_right,0,3,train
075,075_right,0,3,train
076,076_right,1,3,test
079,079_right,1,3,test
080,080_right,1,3,train
081,081_right,1,3,val
082,082_right,1,3,train
083,083_right,0,3,train
084,084_right,1,3,test
085,085_right,1,3,train
086,086_right,1,3,train
087,087_right,0,3,val
088,088_right,0,3,train
089,089_right,1,3,test
090,090_right,1,3,train
093,093_right,0,3,train
094,094_right,1,3,train
095,095_right,0,3,val
097,097_right,1,3,test
098,098_right,0,3,train
100,100_right,0,3,train
102,102_right,1,3,train
103,103_right,1,3,train
104,104_right,1,3,test
106,106_right,1,3,val
108,108_right,1,3,train
109,109_right,0,3,train
110,110_right,1,3,train
111,111_right,0,3,test
114,114_right,1,3,train
116,116_right,1,3,val
117,117_right,0,3,train
118,118_right,1,3,train
120,120_right,1,3,test
122,122_right,0,3,train
124,124_right,0,3,train
125,125_right,0,3,val
126,126_right,0,3,train
128,128_right,1,3,test
130,130_right,0,3,train
131,131_right,0,3,train
132,132_right,0,3,train
137,137_right,0,3,train
138,138_right,1,3,test
139,139_right,1,3,val
141,141_right,1,3,train
142,142_right,0,3,train
143,143_right,1,3,train
144,144_right,1,3,test
145,145_right,1,3,train
151,151_right,0,3,val
153,153_right,1,3,train
154,154_right,1,3,train
155,155_right,1,3,test
156,156_right,1,3,train
157,157_right,1,3,train
158,158_right,0,3,val
159,159_right,1,3,train
161,161_right,1,3,test
162,162_right,1,3,train
164,164_right,0,3,train
167,167_right,1,3,train
168,168_right,0,3,val
169,169_right,0,3,train
172,172_right,0,3,test
173,173_right,1,3,train
177,177_right,0,3,train
178,178_right,1,3,train
179,179_right,1,3,test
180,180_right,1,3,val
181,181_right,0,3,train
182,182_right,0,3,train
183,183_right,0,3,train
185,185_right,0,3,test
187,187_right,1,3,train
188,188_right,1,3,val
189,189_right,1,3,train
191,191_right,0,3,train
192,192_right,1,3,train
193,193_right,1,3,train
194,194_right,1,3,test
195,195_right,0,3,val
196,196_right,1,3,train
197,197_right,0,3,train
198,198_right,0,3,test
199,199_right,1,3,train
200,200_right,1,3,train
201,201_right,1,3,val
202,202_right,0,3,train
203,203_right,0,3,test
204,204_right,1,3,train
205,205_right,1,3,train
206,206_right,0,3,train
207,207_right,1,3,train
208,208_right,1,3,val
209,209_right,1,3,test
210,210_right,0,3,train
212,212_right,1,3,train
213,213_right,0,3,train
215,215_right,0,3,train
220,220_right,0,3,val
221,221_right,1,3,test
222,222_right,0,3,train
223,223_right,0,3,train
225,225_right,1,3,train
226,226_right,0,3,test
227,227_right,0,3,train
230,230_right,1,3,train
231,231_right,0,3,val
233,233_right,1,3,train
234,234_right,1,3,test
237,237_right,0,3,train
238,238_right,1,3,train
239,239_right,1,3,train
240,240_right,1,3,val
243,243_right,0,3,train
245,245_right,1,3,train
246,246_right,1,3,test
247,247_right,0,3,train
248,248_right,1,3,train
250,250_right,1,3,train
251,251_right,1,3,val
252,252_right,0,3,test
253,253_right,1,3,train
255,255_right,1,3,train
256,256_right,0,3,train
257,257_right,0,3,test
258,258_right,0,3,train
259,259_right,1,3,train
260,260_right,1,3,val
262,262_right,0,3,train
263,263_right,1,3,train
264,264_right,1,3,test
267,267_right,0,3,train
268,268_right,1,3,val
270,270_right,0,3,train
272,272_right,0,3,test
273,273_right,0,3,train
274,274_right,1,3,test
275,275_right,1,3,train
276,276_right,0,3,train
277,277_right,0,3,val
278,278_right,1,3,train
279,279_right,0,3,test
282,282_right,1,3,train
283,283_right,0,3,train
284,284_right,0,3,train
285,285_right,0,3,val
286,286_right,0,3,train
287,287_right,0,3,test
288,288_right,1,3,train
289,289_right,1,3,train
290,290_right,1,3,train
293,293_right,0,3,test
295,295_right,1,3,val
297,297_right,1,3,train
298,298_right,0,3,train
299,299_right,1,3,train
300,300_right,0,3,test
302,302_right,1,3,train
305,305_right,0,3,val
307,307_right,0,3,train
308,308_right,0,3,train
309,309_right,1,3,test
311,311_right,0,3,train
312,312_right,1,3,train
313,313_right,0,3,val
314,314_right,0,3,train
315,315_right,0,3,test
316,316_right,0,3,train
317,317_right,0,3,train
318,318_right,1,3,train
322,322_right,0,3,val
323,323_right,1,3,test
324,324_right,1,3,train
326,326_right,1,3,train
327,327_right,1,3,train
328,328_right,0,3,train
329,329_right,0,3,val
330,330_right,0,3,test
331,331_right,0,3,train
332,332_right,1,3,train
334,334_right,0,3,train
337,337_right,0,3,train
339,339_right,1,3,test
340,340_right,0,3,val
341,341_right,1,3,train
342,342_right,1,3,train
344,344_right,1,3,train
346,346_right,1,3,test
347,347_right,1,3,train
348,348_right,1,3,train
349,349_right,0,3,val
350,350_right,0,3,train
351,351_right,1,3,test
352,352_right,1,3,train
353,353_right,0,3,train
354,354_right,0,3,val
355,355_right,0,3,train
356,356_right,0,3,test
359,359_right,1,3,train
362,362_right,0,3,train
363,363_right,0,3,train
364,364_right,1,3,val
366,366_right,0,3,train
367,367_right,0,3,test
368,368_right,0,3,train
370,370_right,0,3,train
371,371_right,1,3,train
372,372_right,0,3,val
374,374_right,0,3,test
375,375_right,1,3,train
377,377_right,0,3,train
379,379_right,0,3,train
380,380_right,0,3,train
382,382_right,1,3,val
383,383_right,1,3,test
385,385_right,0,3,train
386,386_right,0,3,train
387,387_right,1,3,train
388,388_right,0,3,test
389,389_right,0,3,train
391,391_right,1,3,val
392,392_right,1,3,train
393,393_right,0,3,train
395,395_right,1,3,test
397,397_right,0,3,train
398,398_right,1,3,train
401,401_right,0,3,val
403,403_right,0,3,train
404,404_right,1,3,test
405,405_right,0,3,train
406,406_right,1,3,train
407,407_right,0,3,train
410,410_right,0,3,val
411,411_right,1,3,test
412,412_right,1,3,train
413,413_right,0,3,train
414,414_right,1,3,train
415,415_right,1,3,train
416,416_right,1,3,train
417,417_right,1,3,test
418,418_right,0,3,test
420,420_right,1,3,val
421,421_right,1,3,train
422,422_right,0,3,train
426,426_right,1,3,train
427,427_right,0,3,val
428,428_right,0,3,test
429,429_right,1,3,train
430,430_right,1,3,val
431,431_right,1,3,train
432,432_right,1,3,train
433,433_right,1,3,test
434,434_right,0,3,train
436,436_right,1,3,train
437,437_right,1,3,val
438,438_right,1,3,train
439,439_right,0,3,train
443,443_right,0,3,test
444,444_right,1,3,train
445,445_right,1,3,train
446,446_right,1,3,val
447,447_right,1,3,train
449,449_right,0,3,test
450,450_right,0,3,train
451,451_right,0,3,train
453,453_right,1,3,train
454,454_right,1,3,val
455,455_right,0,3,train
456,456_right,1,3,train
457,457_right,0,3,test
458,458_right,0,3,train
459,459_right,1,3,train
462,462_right,1,3,val
463,463_right,1,3,test
465,465_right,0,3,train
466,466_right,1,3,train
468,468_right,1,3,train
470,470_right,1,3,train
472,472_right,0,3,test
474,474_right,1,3,train
476,476_right,0,3,test
477,477_right,1,3,val
478,478_right,0,3,train
479,479_right,0,3,train
480,480_right,0,3,test
481,481_right,0,3,train
482,482_right,1,3,train
483,483_right,1,3,val
484,484_right,1,3,train
486,486_right,1,3,test
489,489_right,0,3,train
490,490_right,0,3,train
491,491_right,1,3,train
492,492_right,1,3,val
493,493_right,1,3,test
494,494_right,1,3,train
495,495_right,0,3,train
496,496_right,0,3,train
497,497_right,1,3,train
498,498_right,1,3,test
500,500_right,1,3,train
501,501_right,1,3,val
502,502_right,1,3,train
503,503_right,0,3,train
505,505_right,0,3,test
507,507_right,0,3,train
508,508_right,1,3,train
509,509_right,1,3,val
510,510_right,1,3,train
511,511_right,1,3,test
512,512_right,1,3,train
513,513_right,0,3,train
514,514_right,1,3,train
515,515_right,1,3,val
516,516_right,1,3,test
521,521_right,0,3,train
522,522_right,0,3,train
523,523_right,0,3,train
524,524_right,1,3,train
525,525_right,0,3,test
526,526_right,0,3,val
527,527_right,1,3,train
528,528_right,0,3,train
531,531_right,0,3,train
533,533_right,0,3,test
534,534_right,0,3,train
535,535_right,0,3,train
536,536_right,1,3,val
537,537_right,1,3,train
538,538_right,1,3,test
539,539_right,1,3,train
540,540_right,1,3,train
541,541_right,0,3,train
543,543_right,1,3,val
546,546_right,1,3,test
548,548_right,0,3,train
549,549_right,0,3,train
550,550_right,1,3,train
551,551_right,0,3,train
552,552_right,0,3,test
553,553_right,1,3,val
554,554_right,0,3,train
555,555_right,1,3,train
557,557_right,0,3,train
558,558_right,0,3,test
559,559_right,1,3,train
561,561_right,0,3,val
562,562_right,0,3,train
563,563_right,1,3,train
564,564_right,1,3,test
565,565_right,1,3,train
566,566_right,1,3,train
567,567_right,1,3,val
568,568_right,0,3,train
569,569_right,0,3,test
571,571_right,0,3,train
572,572_right,1,3,train
573,573_right,1,3,train
574,574_right,0,3,val
575,575_right,1,3,test
576,576_right,1,3,train
577,577_right,0,3,train
579,579_right,0,3,train
580,580_right,1,3,train
581,581_right,0,3,val
582,582_right,0,3,test
583,583_right,1,3,train
586,586_right,1,3,train
587,587_right,1,3,train
588,588_right,0,3,train
589,589_right,0,3,test
590,590_right,0,3,train
591,591_right,1,3,val
595,595_right,0,3,train
596,596_right,0,3,train
598,598_right,1,3,test
601,601_right,0,3,train
602,602_right,1,3,train
603,603_right,0,3,val
604,604_right,0,3,train
605,605_right,1,3,test
606,606_right,0,3,train
607,607_right,1,3,train
608,608_right,0,3,train
610,610_right,0,3,val
611,611_right,0,3,test
612,612_right,0,3,train
613,613_right,0,3,train
614,614_right,0,3,train
615,615_right,0,3,train
617,617_right,1,3,test
618,618_right,1,3,val
619,619_right,1,3,val
620,620_right,1,3,train
621,621_right,1,3,train
622,622_right,0,3,test
624,624_right,1,3,train
626,626_right,0,3,train
627,627_right,1,3,val
628,628_right,1,3,train
629,629_right,1,3,test
630,630_right,1,3,train
631,631_right,0,3,train
632,632_right,0,3,train
633,633_right,1,3,train
634,634_right,0,3,test
637,637_right,1,3,val
638,638_right,1,3,train
639,639_right,0,3,train
641,641_right,1,3,train
642,642_right,1,3,test
644,644_right,1,3,train
645,645_right,1,3,val
647,647_right,1,3,train
654,654_right,0,3,train
655,655_right,1,3,test
656,656_right,0,3,train
657,657_right,0,3,train
658,658_right,1,3,val
659,659_right,1,3,train
660,660_right,1,3,test
662,662_right,1,3,train
663,663_right,0,3,train
664,664_right,0,3,train
665,665_right,1,3,val
667,667_right,1,3,test
668,668_right,1,3,train
669,669_right,0,3,train
671,671_right,0,3,train
676,676_right,0,3,train
677,677_right,1,3,test
679,679_right,0,3,val
680,680_right,1,3,train
681,681_right,1,3,train
683,683_right,0,3,train
684,684_right,1,3,test
685,685_right,1,3,train
686,686_right,1,3,val
687,687_right,0,3,train
688,688_right,0,3,train
690,690_right,1,3,test
693,693_right,1,3,train
694,694_right,1,3,train
695,695_right,0,3,val
696,696_right,0,3,train
697,697_right,1,3,test
698,698_right,1,3,train
700,700_right,0,3,train
701,701_right,1,3,train
702,702_right,1,3,val
703,703_right,0,3,test
704,704_right,1,3,train
707,707_right,1,3,train
708,708_right,1,3,train
709,709_right,1,3,train
711,711_right,1,3,test
712,712_right,0,3,val
713,713_right,0,3,train
714,714_right,0,3,train
715,715_right,1,3,train
716,716_right,1,3,test
717,717_right,1,3,train
718,718_right,1,3,val
719,719_right,1,3,train
722,722_right,1,3,train
724,724_right,0,3,train
725,725_right,0,3,test
728,728_right,1,3,train
729,729_right,0,3,train
730,730_right,0,3,val
731,731_right,0,3,train
733,733_right,1,3,test
734,734_right,0,3,train
735,735_right,1,3,train
737,737_right,1,3,train
738,738_right,0,3,val
741,741_right,1,3,test
745,745_right,0,3,train
747,747_right,0,3,train
750,750_right,1,3,train
751,751_right,1,3,train
753,753_right,0,3,test
754,754_right,1,3,val
755,755_right,1,3,train
757,757_right,1,3,train
759,759_right,0,3,train
760,760_right,0,3,test
761,761_right,1,3,train
764,764_right,1,3,val
765,765_right,0,3,train
766,766_right,1,3,train
768,768_right,1,3,test
769,769_right,0,3,train
770,770_right,0,3,train
771,771_right,1,3,val
774,774_right,1,3,train
775,775_right,0,3,train
776,776_right,0,3,test
777,777_right,1,3,train
778,778_right,0,3,train
779,779_right,1,3,val
780,780_right,1,3,train
781,781_right,0,3,test
782,782_right,0,3,train
783,783_right,1,3,train
785,785_right,1,3,train
786,786_right,0,3,val
787,787_right,1,3,test
788,788_right,1,3,train
791,791_right,0,3,train
792,792_right,1,3,train
793,793_right,1,3,train
794,794_right,0,3,val
795,795_right,1,3,train
799,799_right,0,3,test
800,800_right,1,3,train
801,801_right,1,3,test
803,803_right,1,3,train
806,806_right,1,3,train
807,807_right,1,3,train
808,808_right,0,3,test
809,809_right,1,3,val
810,810_right,0,3,train
811,811_right,0,3,train
813,813_right,0,3,train
814,814_right,1,3,train
815,815_right,0,3,test
817,817_right,1,3,val
818,818_right,0,3,train
819,819_right,1,3,train
820,820_right,0,3,train
821,821_right,1,3,test
822,822_right,1,3,train
825,825_right,0,3,val
827,827_right,1,3,train
828,828_right,1,3,train
830,830_right,1,3,test
831,831_right,0,3,train
833,833_right,1,3,train
835,835_right,0,3,train
837,837_right,1,3,val
839,839_right,0,3,test
842,842_right,0,3,train
843,843_right,0,3,train
844,844_right,1,3,train
845,845_right,1,3,train
846,846_right,1,3,val
847,847_right,0,3,test
848,848_right,0,3,train
849,849_right,1,3,train
850,850_right,0,3,train
852,852_right,0,3,train
855,855_right,0,3,val
856,856_right,1,3,test
857,857_right,0,3,train
858,858_right,0,3,train
859,859_right,1,3,train
861,861_right,1,3,train
862,862_right,0,3,test
863,863_right,0,3,val
864,864_right,1,3,train
866,866_right,0,3,train
867,867_right,1,3,train
868,868_right,1,3,test
873,873_right,0,3,train
874,874_right,1,3,val
875,875_right,1,3,train
876,876_right,1,3,train
878,878_right,0,3,train
885,885_right,0,3,test
886,886_right,1,3,train
889,889_right,1,3,val
890,890_right,1,3,train
891,891_right,0,3,train
895,895_right,1,3,test
896,896_right,1,3,val
897,897_right,1,3,train
898,898_right,0,3,train
900,900_right,1,3,train
901,901_right,1,3,test
904,904_right,1,3,val
906,906_right,0,3,train
907,907_right,0,3,train
908,908_right,0,3,train
909,909_right,1,3,train
910,910_right,0,3,test
912,912_right,1,3,val
914,914_right,1,3,train
915,915_right,1,3,train
916,916_right,1,3,train
917,917_right,0,3,test
918,918_right,1,3,train
919,919_right,1,3,val
920,920_right,1,3,train
921,921_right,1,3,train
922,922_right,0,3,test
001,001_left,1,4,train
002,002_left,1,4,test
004,004_left,1,4,train
005,005_left,0,4,train
007,007_left,1,4,test
008,008_left,0,4,train
009,009_left,0,4,val
010,010_left,1,4,train
012,012_left,0,4,train
013,013_left,1,4,test
014,014_left,0,4,train
015,015_left,0,4,train
017,017_left,1,4,val
018,018_left,0,4,val
019,019_left,1,4,test
020,020_left,0,4,train
021,021_left,1,4,train
023,023_left,1,4,train
024,024_left,1,4,train
025,025_left,1,4,test
026,026_left,0,4,train
027,027_left,0,4,val
028,028_left,1,4,train
029,029_left,0,4,train
031,031_left,0,4,test
033,033_left,1,4,train
036,036_left,0,4,train
037,037_left,1,4,val
038,038_left,0,4,train
039,039_left,1,4,train
041,041_left,1,4,test
042,042_left,0,4,train
043,043_left,1,4,train
044,044_left,1,4,val
046,046_left,1,4,train
047,047_left,1,4,test
048,048_left,1,4,train
049,049_left,0,4,train
050,050_left,1,4,train
051,051_left,0,4,val
052,052_left,1,4,train
053,053_left,1,4,test
056,056_left,1,4,train
057,057_left,0,4,train
058,058_left,1,4,train
059,059_left,1,4,val
061,061_left,1,4,test
063,063_left,0,4,train
064,064_left,1,4,train
065,065_left,1,4,train
066,066_left,1,4,train
067,067_left,1,4,test
071,071_left,0,4,val
073,073_left,1,4,train
075,075_left,1,4,train
076,076_left,0,4,train
079,079_left,0,4,train
080,080_left,0,4,test
081,081_left,0,4,train
082,082_left,0,4,val
083,083_left,1,4,train
084,084_left,0,4,train
085,085_left,0,4,test
086,086_left,0,4,train
087,087_left,1,4,train
088,088_left,1,4,val
089,089_left,0,4,train
090,090_left,0,4,test
093,093_left,1,4,train
094,094_left,0,4,train
095,095_left,1,4,train
097,097_left,0,4,train
098,098_left,1,4,test
100,100_left,1,4,val
102,102_left,0,4,train
103,103_left,0,4,train
104,104_left,0,4,train
106,106_left,0,4,test
108,108_left,0,4,train
109,109_left,1,4,val
110,110_left,0,4,train
111,111_left,1,4,train
114,114_left,0,4,test
116,116_left,0,4,train
117,117_left,1,4,train
118,118_left,0,4,val
120,120_left,0,4,train
122,122_left,1,4,test
124,124_left,1,4,train
125,125_left,1,4,train
126,126_left,1,4,train
128,128_left,0,4,val
130,130_left,1,4,test
131,131_left,1,4,train
132,132_left,1,4,train
137,137_left,1,4,train
138,138_left,0,4,train
139,139_left,0,4,test
141,141_left,1,4,val
142,142_left,1,4,train
143,143_left,0,4,train
144,144_left,0,4,train
145,145_left,0,4,test
151,151_left,1,4,train
153,153_left,0,4,val
154,154_left,0,4,train
155,155_left,0,4,train
156,156_left,0,4,test
157,157_left,0,4,train
158,158_left,1,4,train
159,159_left,0,4,train
161,161_left,0,4,train
162,162_left,0,4,test
164,164_left,1,4,val
167,167_left,0,4,train
168,168_left,1,4,train
169,169_left,1,4,test
172,172_left,1,4,train
173,173_left,0,4,train
177,177_left,1,4,val
178,178_left,0,4,train
179,179_left,0,4,train
180,180_left,0,4,test
181,181_left,1,4,train
182,182_left,1,4,train
183,183_left,1,4,val
185,185_left,1,4,train
187,187_left,0,4,test
188,188_left,0,4,train
189,189_left,0,4,train
191,191_left,1,4,test
192,192_left,0,4,train
193,193_left,0,4,test
194,194_left,0,4,val
195,195_left,1,4,val
196,196_left,0,4,train
197,197_left,1,4,train
198,198_left,1,4,train
199,199_left,0,4,test
200,200_left,0,4,train
201,201_left,0,4,val
202,202_left,1,4,train
203,203_left,1,4,train
204,204_left,0,4,test
205,205_left,0,4,train
206,206_left,1,4,train
207,207_left,0,4,val
208,208_left,0,4,train
209,209_left,0,4,train
210,210_left,1,4,test
212,212_left,0,4,train
213,213_left,1,4,train
215,215_left,1,4,val
220,220_left,1,4,test
221,221_left,0,4,train
222,222_left,1,4,train
223,223_left,1,4,train
225,225_left,0,4,train
226,226_left,1,4,val
227,227_left,1,4,test
230,230_left,0,4,train
231,231_left,1,4,train
233,233_left,0,4,train
234,234_left,0,4,train
237,237_left,1,4,val
238,238_left,0,4,test
239,239_left,0,4,train
240,240_left,0,4,train
243,243_left,1,4,train
245,245_left,0,4,test
246,246_left,0,4,train
247,247_left,1,4,val
248,248_left,0,4,train
250,250_left,0,4,train
251,251_left,1,4,test
252,252_left,1,4,train
253,253_left,0,4,train
255,255_left,0,4,val
256,256_left,1,4,train
257,257_left,1,4,train
258,258_left,1,4,test
259,259_left,0,4,train
260,260_left,0,4,train
262,262_left,1,4,val
263,263_left,0,4,test
264,264_left,0,4,train
267,267_left,1,4,train
268,268_left,0,4,train
270,270_left,1,4,train
272,272_left,1,4,val
273,273_left,1,4,train
274,274_left,0,4,train
275,275_left,0,4,test
276,276_left,1,4,train
277,277_left,1,4,train
278,278_left,0,4,val
279,279_left,1,4,train
282,282_left,0,4,test
283,283_left,1,4,train
284,284_left,1,4,train
285,285_left,1,4,train
286,286_left,1,4,test
287,287_left,1,4,val
288,288_left,0,4,train
289,289_left,0,4,train
290,290_left,1,4,train
293,293_left,1,4,train
295,295_left,0,4,test
297,297_left,1,4,val
298,298_left,1,4,train
299,299_left,0,4,train
300,300_left,1,4,train
302,302_left,0,4,test
305,305_left,1,4,train
307,307_left,1,4,train
308,308_left,1,4,val
309,309_left,0,4,train
311,311_left,1,4,test
312,312_left,0,4,train
313,313_left,1,4,train
314,314_left,1,4,train
315,315_left,1,4,train
316,316_left,1,4,test
317,317_left,1,4,val
318,318_left,0,4,train
322,322_left,1,4,train
323,323_left,0,4,train
324,324_left,0,4,test
326,326_left,0,4,train
327,327_left,0,4,val
328,328_left,1,4,test
329,329_left,1,4,train
330,330_left,1,4,train
331,331_left,1,4,test
332,332_left,0,4,train
334,334_left,1,4,train
337,337_left,1,4,val
339,339_left,0,4,train
340,340_left,1,4,test
341,341_left,0,4,train
342,342_left,0,4,train
344,344_left,0,4,train
346,346_left,0,4,val
347,347_left,0,4,test
348,348_left,1,4,train
349,349_left,1,4,train
350,350_left,1,4,train
351,351_left,0,4,train
352,352_left,0,4,test
353,353_left,1,4,train
354,354_left,1,4,val
355,355_left,1,4,train
356,356_left,1,4,train
359,359_left,0,4,test
362,362_left,1,4,train
363,363_left,1,4,val
364,364_left,1,4,train
366,366_left,1,4,val
367,367_left,1,4,train
368,368_left,1,4,test
370,370_left,1,4,train
371,371_left,0,4,train
372,372_left,1,4,train
374,374_left,1,4,val
375,375_left,1,4,test
377,377_left,1,4,train
379,379_left,1,4,train
380,380_left,1,4,train
382,382_left,0,4,test
383,383_left,0,4,train
385,385_left,1,4,val
386,386_left,1,4,train
387,387_left,0,4,train
388,388_left,1,4,train
389,389_left,1,4,test
391,391_left,0,4,train
392,392_left,0,4,val
393,393_left,1,4,train
395,395_left,0,4,train
397,397_left,1,4,test
398,398_left,0,4,train
401,401_left,1,4,train
403,403_left,1,4,val
404,404_left,0,4,train
405,405_left,1,4,test
406,406_left,0,4,train
407,407_left,1,4,train
410,410_left,1,4,train
411,411_left,0,4,val
412,412_left,0,4,test
413,413_left,1,4,train
414,414_left,0,4,train
415,415_left,0,4,train
416,416_left,0,4,train
417,417_left,1,4,val
418,418_left,1,4,train
420,420_left,0,4,test
421,421_left,0,4,train
422,422_left,1,4,train
426,426_left,0,4,train
427,427_left,1,4,train
428,428_left,1,4,val
429,429_left,0,4,test
430,430_left,0,4,train
431,431_left,1,4,train
432,432_left,0,4,train
433,433_left,1,4,train
434,434_left,1,4,test
436,436_left,1,4,val
437,437_left,0,4,train
438,438_left,0,4,test
439,439_left,1,4,train
443,443_left,1,4,train
444,444_left,0,4,test
445,445_left,0,4,train
446,446_left,0,4,val
447,447_left,0,4,train
449,449_left,1,4,train
450,450_left,1,4,test
451,451_left,1,4,train
453,453_left,0,4,train
454,454_left,0,4,train
455,455_left,1,4,val
456,456_left,0,4,test
457,457_left,1,4,train
458,458_left,1,4,train
459,459_left,0,4,train
462,462_left,0,4,train
463,463_left,0,4,val
465,465_left,1,4,test
466,466_left,0,4,train
468,468_left,0,4,train
470,470_left,0,4,train
472,472_left,1,4,train
474,474_left,0,4,test
476,476_left,1,4,train
477,477_left,0,4,val
478,478_left,1,4,train
479,479_left,1,4,train
480,480_left,1,4,train
481,481_left,1,4,test
482,482_left,0,4,train
483,483_left,0,4,val
484,484_left,0,4,train
486,486_left,0,4,train
489,489_left,1,4,test
490,490_left,1,4,train
491,491_left,0,4,train
492,492_left,0,4,val
493,493_left,0,4,train
494,494_left,0,4,test
495,495_left,1,4,train
496,496_left,1,4,train
497,497_left,0,4,train
498,498_left,0,4,train
500,500_left,0,4,test
501,501_left,0,4,val
502,502_left,0,4,train
503,503_left,1,4,train
505,505_left,1,4,train
507,507_left,1,4,test
508,508_left,0,4,train
509,509_left,0,4,val
510,510_left,0,4,train
511,511_left,0,4,train
512,512_left,0,4,test
513,513_left,1,4,train
514,514_left,0,4,train
515,515_left,0,4,val
516,516_left,0,4,train
521,521_left,1,4,test
522,522_left,1,4,train
523,523_left,1,4,train
524,524_left,0,4,train
525,525_left,1,4,val
526,526_left,1,4,test
527,527_left,0,4,val
528,528_left,1,4,train
531,531_left,1,4,train
533,533_left,1,4,train
534,534_left,1,4,test
535,535_left,1,4,train
536,536_left,0,4,val
537,537_left,1,4,train
538,538_left,0,4,train
539,539_left,0,4,test
540,540_left,1,4,train
541,541_left,1,4,train
543,543_left,0,4,train
546,546_left,0,4,val
548,548_left,1,4,test
549,549_left,1,4,train
550,550_left,0,4,train
551,551_left,1,4,train
552,552_left,1,4,train
553,553_left,0,4,test
554,554_left,1,4,val
555,555_left,0,4,train
557,557_left,1,4,train
558,558_left,1,4,train
559,559_left,0,4,test
561,561_left,1,4,train
562,562_left,1,4,val
563,563_left,0,4,train
564,564_left,1,4,train
565,565_left,0,4,test
566,566_left,0,4,train
567,567_left,0,4,train
568,568_left,1,4,val
569,569_left,1,4,train
571,571_left,1,4,test
572,572_left,0,4,train
573,573_left,0,4,train
574,574_left,1,4,train
575,575_left,0,4,val
576,576_left,0,4,train
577,577_left,1,4,test
579,579_left,1,4,train
580,580_left,0,4,train
581,581_left,1,4,train
582,582_left,1,4,val
583,583_left,0,4,test
586,586_left,0,4,train
587,587_left,0,4,train
588,588_left,1,4,train
589,589_left,1,4,train
590,590_left,1,4,test
591,591_left,0,4,train
595,595_left,1,4,val
596,596_left,1,4,train
598,598_left,1,4,train
601,601_left,1,4,test
602,602_left,0,4,train
603,603_left,1,4,train
604,604_left,1,4,val
605,605_left,0,4,train
606,606_left,1,4,test
607,607_left,0,4,train
608,608_left,1,4,train
610,610_left,1,4,train
611,611_left,1,4,val
612,612_left,1,4,test
613,613_left,1,4,train
614,614_left,1,4,train
615,615_left,1,4,train
617,617_left,1,4,train
618,618_left,0,4,test
619,619_left,0,4,val
620,620_left,0,4,train
621,621_left,0,4,train
622,622_left,1,4,train
624,624_left,0,4,test
626,626_left,1,4,train
627,627_left,0,4,val
628,628_left,0,4,train
629,629_left,0,4,train
630,630_left,0,4,test
631,631_left,1,4,train
632,632_left,1,4,train
633,633_left,0,4,val
634,634_left,1,4,train
637,637_left,0,4,test
638,638_left,0,4,train
639,639_left,1,4,train
641,641_left,0,4,train
642,642_left,0,4,val
644,644_left,0,4,test
645,645_left,0,4,train
647,647_left,0,4,train
654,654_left,1,4,train
655,655_left,0,4,train
656,656_left,1,4,test
657,657_left,1,4,val
658,658_left,0,4,train
659,659_left,0,4,train
660,660_left,0,4,train
662,662_left,0,4,test
663,663_left,1,4,train
664,664_left,1,4,val
665,665_left,1,4,train
667,667_left,0,4,train
668,668_left,0,4,test
669,669_left,1,4,train
671,671_left,1,4,train
676,676_left,1,4,val
677,677_left,1,4,train
679,679_left,1,4,test
680,680_left,1,4,train
681,681_left,0,4,train
683,683_left,1,4,train
684,684_left,0,4,val
685,685_left,0,4,test
686,686_left,0,4,train
687,687_left,1,4,train
688,688_left,1,4,train
690,690_left,0,4,train
693,693_left,0,4,test
694,694_left,0,4,train
695,695_left,1,4,val
696,696_left,1,4,train
697,697_left,0,4,train
698,698_left,0,4,test
700,700_left,1,4,train
701,701_left,0,4,train
702,702_left,0,4,train
703,703_left,1,4,val
704,704_left,0,4,test
707,707_left,0,4,train
708,708_left,0,4,train
709,709_left,0,4,train
711,711_left,0,4,train
712,712_left,1,4,test
713,713_left,1,4,val
714,714_left,1,4,train
715,715_left,0,4,train
716,716_left,0,4,train
717,717_left,0,4,test
718,718_left,1,4,train
719,719_left,0,4,val
722,722_left,0,4,train
724,724_left,1,4,train
725,725_left,1,4,train
728,728_left,0,4,test
729,729_left,1,4,train
730,730_left,1,4,val
731,731_left,1,4,train
733,733_left,0,4,train
734,734_left,1,4,test
735,735_left,0,4,train
737,737_left,0,4,train
738,738_left,1,4,val
741,741_left,1,4,train
745,745_left,1,4,test
747,747_left,1,4,train
750,750_left,0,4,val
751,751_left,0,4,train
753,753_left,1,4,train
754,754_left,0,4,test
755,755_left,0,4,val
757,757_left,0,4,train
759,759_left,1,4,train
760,760_left,1,4,train
761,761_left,0,4,test
764,764_left,0,4,train
765,765_left,1,4,val
766,766_left,0,4,train
768,768_left,0,4,train
769,769_left,1,4,test
770,770_left,1,4,train
771,771_left,0,4,train
774,774_left,0,4,test
775,775_left,1,4,val
776,776_left,1,4,train
777,777_left,0,4,test
778,778_left,1,4,train
779,779_left,0,4,train
780,780_left,0,4,train
781,781_left,1,4,val
782,782_left,1,4,test
783,783_left,0,4,train
785,785_left,0,4,train
786,786_left,1,4,train
787,787_left,0,4,train
788,788_left,0,4,train
791,791_left,1,4,test
792,792_left,0,4,val
793,793_left,0,4,train
794,794_left,1,4,train
795,795_left,0,4,train
799,799_left,1,4,train
800,800_left,0,4,test
801,801_left,1,4,val
803,803_left,0,4,train
806,806_left,0,4,train
807,807_left,0,4,train
808,808_left,1,4,train
809,809_left,0,4,test
810,810_left,1,4,train
811,811_left,1,4,val
813,813_left,1,4,train
814,814_left,0,4,train
815,815_left,1,4,train
817,817_left,0,4,test
818,818_left,1,4,train
819,819_left,0,4,train
820,820_left,1,4,val
821,821_left,1,4,train
822,822_left,0,4,test
825,825_left,1,4,train
827,827_left,0,4,train
828,828_left,0,4,train
830,830_left,0,4,val
831,831_left,1,4,test
833,833_left,0,4,train
835,835_left,1,4,train
837,837_left,0,4,train
839,839_left,1,4,train
842,842_left,1,4,test
843,843_left,1,4,test
844,844_left,0,4,val
845,845_left,0,4,train
846,846_left,0,4,train
847,847_left,1,4,train
848,848_left,1,4,test
849,849_left,0,4,train
850,850_left,1,4,val
852,852_left,1,4,train
855,855_left,1,4,train
856,856_left,0,4,train
857,857_left,1,4,test
858,858_left,1,4,train
859,859_left,0,4,val
861,861_left,0,4,train
862,862_left,1,4,train
863,863_left,1,4,test
864,864_left,0,4,train
866,866_left,1,4,train
867,867_left,0,4,val
868,868_left,0,4,train
873,873_left,1,4,test
874,874_left,0,4,train
875,875_left,0,4,train
876,876_left,0,4,train
878,878_left,1,4,train
885,885_left,1,4,val
886,886_left,0,4,test
889,889_left,0,4,train
890,890_left,0,4,train
891,891_left,1,4,train
895,895_left,0,4,train
896,896_left,0,4,test
897,897_left,0,4,val
898,898_left,1,4,val
900,900_left,0,4,train
901,901_left,0,4,train
904,904_left,0,4,train
906,906_left,1,4,test
907,907_left,1,4,train
908,908_left,1,4,val
909,909_left,0,4,train
910,910_left,1,4,train
912,912_left,0,4,test
914,914_left,0,4,train
915,915_left,0,4,train
916,916_left,0,4,val
917,917_left,1,4,train
918,918_left,0,4,test
919,919_left,0,4,train
920,920_left,1,4,train
921,921_left,0,4,train
922,922_left,1,4,val
001,001_right,0,4,train
002,002_right,0,4,test
004,004_right,0,4,train
005,005_right,1,4,train
007,007_right,0,4,test
008,008_right,1,4,train
009,009_right,1,4,val
010,010_right,0,4,train
012,012_right,1,4,train
013,013_right,0,4,test
014,014_right,1,4,train
015,015_right,1,4,train
017,017_right,0,4,val
018,018_right,1,4,val
019,019_right,0,4,test
020,020_right,1,4,train
021,021_right,0,4,train
023,023_right,0,4,train
024,024_right,0,4,train
025,025_right,0,4,test
026,026_right,1,4,train
027,027_right,1,4,val
028,028_right,0,4,train
029,029_right,1,4,train
031,031_right,1,4,test
033,033_right,0,4,train
036,036_right,1,4,train
037,037_right,0,4,val
038,038_right,1,4,train
039,039_right,0,4,train
041,041_right,0,4,test
042,042_right,1,4,train
043,043_right,1,4,train
044,044_right,0,4,val
046,046_right,1,4,train
047,047_right,0,4,test
048,048_right,0,4,train
049,049_right,1,4,train
050,050_right,1,4,train
051,051_right,1,4,val
052,052_right,0,4,train
053,053_right,0,4,test
056,056_right,1,4,train
057,057_right,1,4,train
058,058_right,0,4,train
059,059_right,0,4,val
061,061_right,0,4,test
063,063_right,1,4,train
064,064_right,0,4,train
065,065_right,0,4,train
066,066_right,0,4,train
067,067_right,0,4,test
071,071_right,1,4,val
073,073_right,0,4,train
075,075_right,0,4,train
076,076_right,1,4,train
079,079_right,1,4,train
080,080_right,1,4,test
081,081_right,1,4,train
082,082_right,1,4,val
083,083_right,0,4,train
084,084_right,1,4,train
085,085_right,1,4,test
086,086_right,1,4,train
087,087_right,0,4,train
088,088_right,0,4,val
089,089_right,1,4,train
090,090_right,1,4,test
093,093_right,0,4,train
094,094_right,1,4,train
095,095_right,0,4,train
097,097_right,1,4,train
098,098_right,0,4,test
100,100_right,0,4,val
102,102_right,1,4,train
103,103_right,1,4,train
104,104_right,1,4,train
106,106_right,1,4,test
108,108_right,1,4,train
109,109_right,0,4,val
110,110_right,1,4,train
111,111_right,0,4,train
114,114_right,1,4,test
116,116_right,1,4,train
117,117_right,0,4,train
118,118_right,1,4,val
120,120_right,1,4,train
122,122_right,0,4,test
124,124_right,0,4,train
125,125_right,0,4,train
126,126_right,0,4,train
128,128_right,1,4,val
130,130_right,0,4,test
131,131_right,0,4,train
132,132_right,0,4,train
137,137_right,0,4,train
138,138_right,1,4,train
139,139_right,1,4,test
141,141_right,1,4,val
142,142_right,0,4,train
143,143_right,1,4,train
144,144_right,1,4,train
145,145_right,1,4,test
151,151_right,0,4,train
153,153_right,1,4,val
154,154_right,1,4,train
155,155_right,1,4,train
156,156_right,1,4,test
157,157_right,1,4,train
158,158_right,0,4,train
159,159_right,1,4,train
161,161_right,1,4,train
162,162_right,1,4,test
164,164_right,0,4,val
167,167_right,1,4,train
168,168_right,0,4,train
169,169_right,0,4,test
172,172_right,0,4,train
173,173_right,1,4,train
177,177_right,0,4,val
178,178_right,1,4,train
179,179_right,1,4,train
180,180_right,1,4,test
181,181_right,0,4,train
182,182_right,0,4,train
183,183_right,0,4,val
185,185_right,0,4,train
187,187_right,1,4,test
188,188_right,1,4,train
189,189_right,1,4,train
191,191_right,0,4,test
192,192_right,1,4,train
193,193_right,1,4,test
194,194_right,1,4,val
195,195_right,0,4,val
196,196_right,1,4,train
197,197_right,0,4,train
198,198_right,0,4,train
199,199_right,1,4,test
200,200_right,1,4,train
201,201_right,1,4,val
202,202_right,0,4,train
203,203_right,0,4,train
204,204_right,1,4,test
205,205_right,1,4,train
206,206_right,0,4,train
207,207_right,1,4,val
208,208_right,1,4,train
209,209_right,1,4,train
210,210_right,0,4,test
212,212_right,1,4,train
213,213_right,0,4,train
215,215_right,0,4,val
220,220_right,0,4,test
221,221_right,1,4,train
222,222_right,0,4,train
223,223_right,0,4,train
225,225_right,1,4,train
226,226_right,0,4,val
227,227_right,0,4,test
230,230_right,1,4,train
231,231_right,0,4,train
233,233_right,1,4,train
234,234_right,1,4,train
237,237_right,0,4,val
238,238_right,1,4,test
239,239_right,1,4,train
240,240_right,1,4,train
243,243_right,0,4,train
245,245_right,1,4,test
246,246_right,1,4,train
247,247_right,0,4,val
248,248_right,1,4,train
250,250_right,1,4,train
251,251_right,1,4,test
252,252_right,0,4,train
253,253_right,1,4,train
255,255_right,1,4,val
256,256_right,0,4,train
257,257_right,0,4,train
258,258_right,0,4,test
259,259_right,1,4,train
260,260_right,1,4,train
262,262_right,0,4,val
263,263_right,1,4,test
264,264_right,1,4,train
267,267_right,0,4,train
268,268_right,1,4,train
270,270_right,0,4,train
272,272_right,0,4,val
273,273_right,0,4,train
274,274_right,1,4,train
275,275_right,1,4,test
276,276_right,0,4,train
277,277_right,0,4,train
278,278_right,1,4,val
279,279_right,0,4,train
282,282_right,1,4,test
283,283_right,0,4,train
284,284_right,0,4,train
285,285_right,0,4,train
286,286_right,0,4,test
287,287_right,0,4,val
288,288_right,1,4,train
289,289_right,1,4,train
290,290_right,1,4,train
293,293_right,0,4,train
295,295_right,1,4,test
297,297_right,1,4,val
298,298_right,0,4,train
299,299_right,1,4,train
300,300_right,0,4,train
302,302_right,1,4,test
305,305_right,0,4,train
307,307_right,0,4,train
308,308_right,0,4,val
309,309_right,1,4,train
311,311_right,0,4,test
312,312_right,1,4,train
313,313_right,0,4,train
314,314_right,0,4,train
315,315_right,0,4,train
316,316_right,0,4,test
317,317_right,0,4,val
318,318_right,1,4,train
322,322_right,0,4,train
323,323_right,1,4,train
324,324_right,1,4,test
326,326_right,1,4,train
327,327_right,1,4,val
328,328_right,0,4,test
329,329_right,0,4,train
330,330_right,0,4,train
331,331_right,0,4,test
332,332_right,1,4,train
334,334_right,0,4,train
337,337_right,0,4,val
339,339_right,1,4,train
340,340_right,0,4,test
341,341_right,1,4,train
342,342_right,1,4,train
344,344_right,1,4,train
346,346_right,1,4,val
347,347_right,1,4,test
348,348_right,1,4,train
349,349_right,0,4,train
350,350_right,0,4,train
351,351_right,1,4,train
352,352_right,1,4,test
353,353_right,0,4,train
354,354_right,0,4,val
355,355_right,0,4,train
356,356_right,0,4,train
359,359_right,1,4,test
362,362_right,0,4,train
363,363_right,0,4,val
364,364_right,1,4,train
366,366_right,0,4,val
367,367_right,0,4,train
368,368_right,0,4,test
370,370_right,0,4,train
371,371_right,1,4,train
372,372_right,0,4,train
374,374_right,0,4,val
375,375_right,1,4,test
377,377_right,0,4,train
379,379_right,0,4,train
380,380_right,0,4,train
382,382_right,1,4,test
383,383_right,1,4,train
385,385_right,0,4,val
386,386_right,0,4,train
387,387_right,1,4,train
388,388_right,0,4,train
389,389_right,0,4,test
391,391_right,1,4,train
392,392_right,1,4,val
393,393_right,0,4,train
395,395_right,1,4,train
397,397_right,0,4,test
398,398_right,1,4,train
401,401_right,0,4,train
403,403_right,0,4,val
404,404_right,1,4,train
405,405_right,0,4,test
406,406_right,1,4,train
407,407_right,0,4,train
410,410_right,0,4,train
411,411_right,1,4,val
412,412_right,1,4,test
413,413_right,0,4,train
414,414_right,1,4,train
415,415_right,1,4,train
416,416_right,1,4,train
417,417_right,1,4,val
418,418_right,0,4,train
420,420_right,1,4,test
421,421_right,1,4,train
422,422_right,0,4,train
426,426_right,1,4,train
427,427_right,0,4,train
428,428_right,0,4,val
429,429_right,1,4,test
430,430_right,1,4,train
431,431_right,1,4,train
432,432_right,1,4,train
433,433_right,1,4,train
434,434_right,0,4,test
436,436_right,1,4,val
437,437_right,1,4,train
438,438_right,1,4,test
439,439_right,0,4,train
443,443_right,0,4,train
444,444_right,1,4,test
445,445_right,1,4,train
446,446_right,1,4,val
447,447_right,1,4,train
449,449_right,0,4,train
450,450_right,0,4,test
451,451_right,0,4,train
453,453_right,1,4,train
454,454_right,1,4,train
455,455_right,0,4,val
456,456_right,1,4,test
457,457_right,0,4,train
458,458_right,0,4,train
459,459_right,1,4,train
462,462_right,1,4,train
463,463_right,1,4,val
465,465_right,0,4,test
466,466_right,1,4,train
468,468_right,1,4,train
470,470_right,1,4,train
472,472_right,0,4,train
474,474_right,1,4,test
476,476_right,0,4,train
477,477_right,1,4,val
478,478_right,0,4,train
479,479_right,0,4,train
480,480_right,0,4,train
481,481_right,0,4,test
482,482_right,1,4,train
483,483_right,1,4,val
484,484_right,1,4,train
486,486_right,1,4,train
489,489_right,0,4,test
490,490_right,0,4,train
491,491_right,1,4,train
492,492_right,1,4,val
493,493_right,1,4,train
494,494_right,1,4,test
495,495_right,0,4,train
496,496_right,0,4,train
497,497_right,1,4,train
498,498_right,1,4,train
500,500_right,1,4,test
501,501_right,1,4,val
502,502_right,1,4,train
503,503_right,0,4,train
505,505_right,0,4,train
507,507_right,0,4,test
508,508_right,1,4,train
509,509_right,1,4,val
510,510_right,1,4,train
511,511_right,1,4,train
512,512_right,1,4,test
513,513_right,0,4,train
514,514_right,1,4,train
515,515_right,1,4,val
516,516_right,1,4,train
521,521_right,0,4,test
522,522_right,0,4,train
523,523_right,0,4,train
524,524_right,1,4,train
525,525_right,0,4,val
526,526_right,0,4,test
527,527_right,1,4,val
528,528_right,0,4,train
531,531_right,0,4,train
533,533_right,0,4,train
534,534_right,0,4,test
535,535_right,0,4,train
536,536_right,1,4,val
537,537_right,1,4,train
538,538_right,1,4,train
539,539_right,1,4,test
540,540_right,1,4,train
541,541_right,0,4,train
543,543_right,1,4,train
546,546_right,1,4,val
548,548_right,0,4,test
549,549_right,0,4,train
550,550_right,1,4,train
551,551_right,0,4,train
552,552_right,0,4,train
553,553_right,1,4,test
554,554_right,0,4,val
555,555_right,1,4,train
557,557_right,0,4,train
558,558_right,0,4,train
559,559_right,1,4,test
561,561_right,0,4,train
562,562_right,0,4,val
563,563_right,1,4,train
564,564_right,1,4,train
565,565_right,1,4,test
566,566_right,1,4,train
567,567_right,1,4,train
568,568_right,0,4,val
569,569_right,0,4,train
571,571_right,0,4,test
572,572_right,1,4,train
573,573_right,1,4,train
574,574_right,0,4,train
575,575_right,1,4,val
576,576_right,1,4,train
577,577_right,0,4,test
579,579_right,0,4,train
580,580_right,1,4,train
581,581_right,0,4,train
582,582_right,0,4,val
583,583_right,1,4,test
586,586_right,1,4,train
587,587_right,1,4,train
588,588_right,0,4,train
589,589_right,0,4,train
590,590_right,0,4,test
591,591_right,1,4,train
595,595_right,0,4,val
596,596_right,0,4,train
598,598_right,1,4,train
601,601_right,0,4,test
602,602_right,1,4,train
603,603_right,0,4,train
604,604_right,0,4,val
605,605_right,1,4,train
606,606_right,0,4,test
607,607_right,1,4,train
608,608_right,0,4,train
610,610_right,0,4,train
611,611_right,0,4,val
612,612_right,0,4,test
613,613_right,0,4,train
614,614_right,0,4,train
615,615_right,0,4,train
617,617_right,1,4,train
618,618_right,1,4,test
619,619_right,1,4,val
620,620_right,1,4,train
621,621_right,1,4,train
622,622_right,0,4,train
624,624_right,1,4,test
626,626_right,0,4,train
627,627_right,1,4,val
628,628_right,1,4,train
629,629_right,1,4,train
630,630_right,1,4,test
631,631_right,0,4,train
632,632_right,0,4,train
633,633_right,1,4,val
634,634_right,0,4,train
637,637_right,1,4,test
638,638_right,1,4,train
639,639_right,0,4,train
641,641_right,1,4,train
642,642_right,1,4,val
644,644_right,1,4,test
645,645_right,1,4,train
647,647_right,1,4,train
654,654_right,0,4,train
655,655_right,1,4,train
656,656_right,0,4,test
657,657_right,0,4,val
658,658_right,1,4,train
659,659_right,1,4,train
660,660_right,1,4,train
662,662_right,1,4,test
663,663_right,0,4,train
664,664_right,0,4,val
665,665_right,1,4,train
667,667_right,1,4,train
668,668_right,1,4,test
669,669_right,0,4,train
671,671_right,0,4,train
676,676_right,0,4,val
677,677_right,1,4,train
679,679_right,0,4,test
680,680_right,1,4,train
681,681_right,1,4,train
683,683_right,0,4,train
684,684_right,1,4,val
685,685_right,1,4,test
686,686_right,1,4,train
687,687_right,0,4,train
688,688_right,0,4,train
690,690_right,1,4,train
693,693_right,1,4,test
694,694_right,1,4,train
695,695_right,0,4,val
696,696_right,0,4,train
697,697_right,1,4,train
698,698_right,1,4,test
700,700_right,0,4,train
701,701_right,1,4,train
702,702_right,1,4,train
703,703_right,0,4,val
704,704_right,1,4,test
707,707_right,1,4,train
708,708_right,1,4,train
709,709_right,1,4,train
711,711_right,1,4,train
712,712_right,0,4,test
713,713_right,0,4,val
714,714_right,0,4,train
715,715_right,1,4,train
716,716_right,1,4,train
717,717_right,1,4,test
718,718_right,1,4,train
719,719_right,1,4,val
722,722_right,1,4,train
724,724_right,0,4,train
725,725_right,0,4,train
728,728_right,1,4,test
729,729_right,0,4,train
730,730_right,0,4,val
731,731_right,0,4,train
733,733_right,1,4,train
734,734_right,0,4,test
735,735_right,1,4,train
737,737_right,1,4,train
738,738_right,0,4,val
741,741_right,1,4,train
745,745_right,0,4,test
747,747_right,0,4,train
750,750_right,1,4,val
751,751_right,1,4,train
753,753_right,0,4,train
754,754_right,1,4,test
755,755_right,1,4,val
757,757_right,1,4,train
759,759_right,0,4,train
760,760_right,0,4,train
761,761_right,1,4,test
764,764_right,1,4,train
765,765_right,0,4,val
766,766_right,1,4,train
768,768_right,1,4,train
769,769_right,0,4,test
770,770_right,0,4,train
771,771_right,1,4,train
774,774_right,1,4,test
775,775_right,0,4,val
776,776_right,0,4,train
777,777_right,1,4,test
778,778_right,0,4,train
779,779_right,1,4,train
780,780_right,1,4,train
781,781_right,0,4,val
782,782_right,0,4,test
783,783_right,1,4,train
785,785_right,1,4,train
786,786_right,0,4,train
787,787_right,1,4,train
788,788_right,1,4,train
791,791_right,0,4,test
792,792_right,1,4,val
793,793_right,1,4,train
794,794_right,0,4,train
795,795_right,1,4,train
799,799_right,0,4,train
800,800_right,1,4,test
801,801_right,1,4,val
803,803_right,1,4,train
806,806_right,1,4,train
807,807_right,1,4,train
808,808_right,0,4,train
809,809_right,1,4,test
810,810_right,0,4,train
811,811_right,0,4,val
813,813_right,0,4,train
814,814_right,1,4,train
815,815_right,0,4,train
817,817_right,1,4,test
818,818_right,0,4,train
819,819_right,1,4,train
820,820_right,0,4,val
821,821_right,1,4,train
822,822_right,1,4,test
825,825_right,0,4,train
827,827_right,1,4,train
828,828_right,1,4,train
830,830_right,1,4,val
831,831_right,0,4,test
833,833_right,1,4,train
835,835_right,0,4,train
837,837_right,1,4,train
839,839_right,0,4,train
842,842_right,0,4,test
843,843_right,0,4,test
844,844_right,1,4,val
845,845_right,1,4,train
846,846_right,1,4,train
847,847_right,0,4,train
848,848_right,0,4,test
849,849_right,1,4,train
850,850_right,0,4,val
852,852_right,0,4,train
855,855_right,0,4,train
856,856_right,1,4,train
857,857_right,0,4,test
858,858_right,0,4,train
859,859_right,1,4,val
861,861_right,1,4,train
862,862_right,0,4,train
863,863_right,0,4,test
864,864_right,1,4,train
866,866_right,0,4,train
867,867_right,1,4,val
868,868_right,1,4,train
873,873_right,0,4,test
874,874_right,1,4,train
875,875_right,1,4,train
876,876_right,1,4,train
878,878_right,0,4,train
885,885_right,0,4,val
886,886_right,1,4,test
889,889_right,1,4,train
890,890_right,1,4,train
891,891_right,0,4,train
895,895_right,1,4,train
896,896_right,1,4,test
897,897_right,1,4,val
898,898_right,0,4,val
900,900_right,1,4,train
901,901_right,1,4,train
904,904_right,1,4,train
906,906_right,0,4,test
907,907_right,0,4,train
908,908_right,0,4,val
909,909_right,1,4,train
910,910_right,0,4,train
912,912_right,1,4,test
914,914_right,1,4,train
915,915_right,1,4,train
916,916_right,1,4,val
917,917_right,0,4,train
918,918_right,1,4,test
919,919_right,1,4,train
920,920_right,1,4,train
921,921_right,1,4,train
922,922_right,0,4,val
